species,count,repeat_observation,substrate,sex,breeding_activity,observation_notes,x,y,observation_date,year,survey_year,season
Mallard,4,No,Water - Wading,NA,NA,NA,-119.874503093813,34.4177652022838,2023-09-15,2023,7,Fall
Least Sandpiper,1,No,Mud,NA,NA,NA,-119.874773564867,34.4186884527446,2023-09-15,2023,7,Fall
Semipalmated Plover,2,No,Mud,NA,NA,NA,-119.875276749886,34.4192782199223,2023-09-15,2023,7,Fall
Killdeer,2,No,Mud,NA,NA,NA,-119.875945466563,34.4198332720641,2023-09-15,2023,7,Fall
Western Sandpiper,6,No,Unknown,NA,NA,NA,-119.876514274411,34.4199150483486,2023-09-15,2023,7,Fall
Semipalmated Plover,4,No,Mud,NA,NA,NA,-119.876572386427,34.4200363039186,2023-09-15,2023,7,Fall
Killdeer,2,No,Mud,NA,NA,NA,-119.876363864991,34.4199009486627,2023-09-15,2023,7,Fall
Western Sandpiper,14,No,Mud,NA,NA,NA,-119.875745135966,34.4196302389755,2023-09-15,2023,7,Fall
Mallard,3,No,Water - Floating,NA,NA,NA,-119.873355934416,34.4217877518392,2023-09-15,2023,7,Fall
Mallard,1,No,Water - Floating,NA,NA,NA,-119.874039009765,34.4208189727878,2023-09-15,2023,7,Fall
Mallard,4,No,Water - Floating,NA,NA,NA,-119.874704993767,34.4203276152053,2023-09-15,2023,7,Fall
Black-necked Stilt,1,No,Mud,NA,NA,NA,-119.875768681708,34.4193439902725,2023-09-15,2023,7,Fall
Canada Goose,4,No,Air,NA,NA,NA,-119.874880516488,34.4195890928226,2023-09-15,2023,7,Fall
Greater Yellowlegs,2,No,Water - Wading,NA,NA,NA,-119.878656039508,34.4209033780126,2023-09-15,2023,7,Fall
Mallard,1,No,Water - Wading,NA,NA,NA,-119.878780318732,34.420981877915,2023-09-15,2023,7,Fall
Least Sandpiper,4,No,Mud,NA,NA,NA,-119.878419798758,34.4209607438462,2023-09-15,2023,7,Fall
Sora,1,No,Mud,NA,NA,NA,-119.87898541579,34.4215327401288,2023-09-15,2023,7,Fall
Canada Goose,19,No,Water - Floating,NA,NA,NA,-119.875660395191,34.4194456809997,2023-09-15,2023,7,Fall
Willet,1,No,Water - Wading,NA,NA,NA,-119.878835284848,34.421060942405,2023-09-15,2023,7,Fall
Killdeer,1,No,Water - Wading,NA,NA,NA,-119.880864624889,34.4216457020775,2023-09-15,2023,7,Fall
Least Sandpiper,4,No,Bare ground,NA,NA,NA,-119.874553966306,34.4185157679855,2023-10-19,2023,7,Fall
Killdeer,7,No,Bare ground,NA,NA,NA,-119.87834396927,34.4182122356487,2023-10-19,2023,7,Fall
Killdeer,4,No,Bare ground,NA,NA,NA,-119.874545593109,34.4179803420344,2023-10-19,2023,7,Fall
Greater Yellowlegs,1,No,Bare ground,NA,NA,NA,-119.874674924459,34.4183151875369,2023-10-19,2023,7,Fall
Least Sandpiper,4,No,Water - Wading,NA,NA,NA,-119.874583490336,34.4185778151719,2023-10-19,2023,7,Fall
Mallard,3,No,Water - Wading,NA,NA,NA,-119.87356217952,34.4216689871544,2023-10-19,2023,7,Fall
Sora,1,No,Vegetation - Herbaceous,NA,NA,NA,-119.873460176718,34.4217878815175,2023-10-19,2023,7,Fall
Black-necked Stilt,2,No,Water - Wading,NA,NA,NA,-119.874973973617,34.4204978493402,2023-10-19,2023,7,Fall
Western Sandpiper,4,No,Bare ground,NA,NA,NA,-119.875407063992,34.4193813965154,2023-10-19,2023,7,Fall
Least Sandpiper,3,No,Bare ground,NA,NA,NA,-119.875451211697,34.4195400953423,2023-10-19,2023,7,Fall
Killdeer,1,No,Bare ground,NA,NA,NA,-119.875551752042,34.4194960398246,2023-10-19,2023,7,Fall
Killdeer,10,No,Vegetation - Herbaceous,NA,NA,NA,-119.875439600972,34.4194436987182,2023-10-19,2023,7,Fall
Mallard,10,No,Water - Floating,NA,NA,NA,-119.877551236574,34.4206057736866,2023-10-19,2023,7,Fall
Sora,1,No,Water - Wading,NA,NA,NA,-119.878961228651,34.4214358708069,2023-10-19,2023,7,Fall
Killdeer,10,No,Bare ground,NA,NA,NA,-119.878258344552,34.4185803754909,2023-11-15,2023,7,Fall
Killdeer,4,No,Bare ground,NA,NA,NA,-119.880272955815,34.4193000717441,2023-11-15,2023,7,Fall
Killdeer,2,No,Bare ground,NA,NA,NA,-119.879612509028,34.4195243408529,2023-11-15,2023,7,Fall
Black-necked Stilt,1,Yes,Water - Wading,NA,NA,NA,-119.877075854414,34.4200483101594,2023-11-15,2023,7,Fall
Western Sandpiper,1,Yes,Water - Wading,NA,NA,NA,-119.877228957881,34.4201769499334,2023-11-15,2023,7,Fall
Least Sandpiper,2,Yes,Water - Wading,NA,NA,NA,-119.877224742986,34.4200726472088,2023-11-15,2023,7,Fall
Western Sandpiper,2,Yes,Water - Wading,NA,NA,NA,-119.878291893034,34.4209249315171,2023-11-15,2023,7,Fall
Least Sandpiper,2,Yes,Water - Wading,NA,NA,NA,-119.878203384724,34.4208101997616,2023-11-15,2023,7,Fall
Greater Yellowlegs,1,No,Mud,NA,NA,NA,-119.874493983998,34.417791067311,2023-11-15,2023,7,Fall
Black-necked Stilt,1,No,Water - Wading,NA,NA,NA,-119.877946842049,34.420659582044,2023-11-15,2023,7,Fall
Mallard,3,No,Water - Floating,NA,NA,NA,-119.877850146493,34.4206846614264,2023-11-15,2023,7,Fall
Least Sandpiper,1,No,Mud,NA,NA,NA,-119.877422710115,34.4202293483813,2023-11-15,2023,7,Fall
Western Sandpiper,9,No,Mud,NA,NA,NA,-119.877443608522,34.4202466952171,2023-11-15,2023,7,Fall
Killdeer,9,No,Vegetation - Herbaceous,NA,NA,NA,-119.874911470636,34.4202033277504,2023-11-15,2023,7,Fall
Sora,1,No,Unknown,NA,NA,NA,-119.873459557779,34.4217449238929,2023-11-15,2023,7,Fall
Mallard,3,No,Unknown,NA,NA,NA,-119.873502723625,34.4217581466421,2023-11-15,2023,7,Fall
Least Sandpiper,6,No,Mud,NA,NA,NA,-119.873835720117,34.4209556974566,2023-11-15,2023,7,Fall
Western Sandpiper,1,No,Mud,NA,NA,NA,-119.873813612578,34.4209506103102,2023-11-15,2023,7,Fall
Least Sandpiper,10,No,Bare ground,NA,NA,NA,-119.878651467083,34.4209004502155,2023-11-15,2023,7,Fall
Black-necked Stilt,1,Yes,Water - Wading,NA,NA,NA,-119.875431216097,34.4193791548683,2023-12-06,2023,7,Winter
Killdeer,2,No,Bare ground,NA,NA,NA,-119.878309437132,34.418430197645,2023-12-06,2023,7,Winter
Canada Goose,1,Yes,Flyover,NA,NA,NA,-119.880538501407,34.4203038191836,2023-12-06,2023,7,Winter
Canada Goose,2,Yes,Flyover,NA,NA,NA,-119.880124263974,34.4206822708675,2023-12-06,2023,7,Winter
Least Sandpiper,3,Yes,Bare ground,NA,NA,NA,-119.876825011549,34.4200404789071,2023-12-06,2023,7,Winter
Least Sandpiper,3,Yes,Unknown,NA,NA,NA,-119.877302860483,34.4202991625373,2023-12-06,2023,7,Winter
Canada Goose,4,No,Flyover,NA,NA,NA,-119.883631657848,34.4211720079684,2023-12-06,2023,7,Winter
Greater White-fronted Goose,2,No,Flyover,NA,NA,NA,-119.883804602405,34.4213427353875,2023-12-06,2023,7,Winter
Canada Goose,8,No,Flyover,NA,NA,NA,-119.882102424299,34.4211759761544,2023-12-06,2023,7,Winter
Canada Goose,18,No,Flyover,NA,NA,NA,-119.873031753091,34.4210805017698,2023-12-06,2023,7,Winter
Sora,1,No,Water - Floating,NA,NA,NA,-119.873624106681,34.421758260759,2023-12-06,2023,7,Winter
Black-necked Stilt,1,No,Water - Wading,NA,NA,NA,-119.875407307436,34.4191606403048,2023-12-06,2023,7,Winter
Killdeer,1,No,Vegetation - Herbaceous,NA,NA,NA,-119.874693011139,34.4192731274865,2023-12-06,2023,7,Winter
Killdeer,26,No,Vegetation - Herbaceous,NA,NA,NA,-119.874435030261,34.420964088098,2023-12-06,2023,7,Winter
Least Sandpiper,10,No,Mud,NA,NA,NA,-119.873767628717,34.4211292508451,2023-12-06,2023,7,Winter
Canada Goose,2,No,Flyover,NA,NA,NA,-119.874235129957,34.4209089060728,2023-12-06,2023,7,Winter
Killdeer,1,No,Mud,NA,NA,NA,-119.87811328999,34.42085235978,2023-12-06,2023,7,Winter
Greater Yellowlegs,1,No,Water - Wading,NA,NA,NA,-119.877850626194,34.4206096848402,2023-12-06,2023,7,Winter
Least Sandpiper,8,No,Mud,NA,NA,NA,-119.878399594749,34.4209411955687,2023-12-06,2023,7,Winter
Mallard,6,No,Water - Floating,NA,NA,NA,-119.878913617042,34.4214359663987,2023-12-06,2023,7,Winter
American Coot,8,No,Water - Floating,NA,NA,NA,-119.873962647575,34.4177908301735,2024-01-18,2024,7,Winter
Greater Yellowlegs,1,No,Unknown,NA,NA,NA,-119.874030823417,34.4180078899253,2024-01-18,2024,7,Winter
Canada Goose,14,No,Water - Floating,NA,NA,NA,-119.874044458047,34.420672527079,2024-01-18,2024,7,Winter
Ruddy Duck,3,No,Water - Floating,NA,NA,NA,-119.875184158733,34.4187345806526,2024-01-18,2024,7,Winter
Bufflehead,3,No,Water - Floating,NA,NA,NA,-119.875456839642,34.4191697677223,2024-01-18,2024,7,Winter
Canada Goose,19,No,Water - Floating,NA,NA,NA,-119.875664776274,34.4193750435763,2024-01-18,2024,7,Winter
Black-necked Stilt,5,No,Water - Wading,NA,NA,NA,-119.875723385058,34.4196806095459,2024-01-18,2024,7,Winter
Mallard,3,No,Water - Floating,NA,NA,NA,-119.874516986259,34.4183646162847,2024-01-18,2024,7,Winter
Northern Shoveler,2,No,Flyover,NA,NA,NA,-119.873972849742,34.4187672496626,2024-01-18,2024,7,Winter
American Coot,9,No,Water - Floating,NA,NA,NA,-119.874395630153,34.4185636144781,2024-01-18,2024,7,Winter
Mallard,5,No,Water - Floating,NA,NA,NA,-119.874622434101,34.4186895687607,2024-01-18,2024,7,Winter
Northern Shoveler,1,No,Flyover,NA,NA,NA,-119.874698036315,34.4185464940538,2024-01-18,2024,7,Winter
Gadwall,8,No,Water - Floating,NA,NA,NA,-119.874540903904,34.4184718994134,2024-01-18,2024,7,Winter
American Coot,13,No,Water - Floating,NA,NA,NA,-119.874276966297,34.4192645832798,2024-01-18,2024,7,Winter
American Coot,7,No,Vegetation - Herbaceous,NA,NA,NA,-119.875040055486,34.4196866690109,2024-01-18,2024,7,Winter
Greater Yellowlegs,1,No,Water - Wading,NA,NA,NA,-119.87496296656,34.4198920310381,2024-01-18,2024,7,Winter
Pied-billed Grebe,1,No,Water - Floating,NA,NA,NA,-119.875124677684,34.4204111724454,2024-01-18,2024,7,Winter
American Coot,10,No,Water - Floating,NA,NA,NA,-119.875261267422,34.4202051395762,2024-01-18,2024,7,Winter
Ring-necked Duck,3,No,Water - Floating,NA,NA,NA,-119.874964673359,34.4204755576592,2024-01-18,2024,7,Winter
Gadwall,15,No,Water - Floating,NA,NA,NA,-119.874822230199,34.4204771671777,2024-01-18,2024,7,Winter
Mallard,5,No,Water - Floating,NA,NA,NA,-119.875165654336,34.420250209194,2024-01-18,2024,7,Winter
Ruddy Duck,6,No,Water - Floating,NA,NA,NA,-119.874658409831,34.4204886990957,2024-01-18,2024,7,Winter
Northern Shoveler,1,No,Water - Floating,NA,NA,NA,-119.874486089603,34.4205312683249,2024-01-18,2024,7,Winter
Lesser Yellowlegs,1,No,Water - Wading,NA,NA,NA,-119.874336720433,34.4204715538705,2024-01-18,2024,7,Winter
American Coot,7,No,Water - Floating,NA,NA,NA,-119.873993295398,34.4207886506738,2024-01-18,2024,7,Winter
Mallard,2,No,Water - Floating,NA,NA,NA,-119.87414549516,34.4206775860831,2024-01-18,2024,7,Winter
American Wigeon,2,No,Water - Floating,NA,NA,NA,-119.873991344257,34.4207580677067,2024-01-18,2024,7,Winter
Northern Shoveler,2,No,Flyover,NA,NA,NA,-119.874749694834,34.4203798045879,2024-01-18,2024,7,Winter
Killdeer,2,No,Unknown,NA,NA,NA,-119.874839453598,34.4205745696697,2024-01-18,2024,7,Winter
Least Sandpiper,2,No,Water - Wading,NA,NA,NA,-119.87476920714,34.4205552547265,2024-01-18,2024,7,Winter
American Coot,14,No,Water - Floating,NA,NA,NA,-119.873500877587,34.4210027303886,2024-01-18,2024,7,Winter
Black-necked Stilt,5,Yes,Water - Wading,NA,NA,NA,-119.873659478744,34.4210008948672,2024-01-18,2024,7,Winter
Northern Shoveler,4,No,Water - Floating,NA,NA,NA,-119.873437216678,34.4204187998794,2024-01-18,2024,7,Winter
American Wigeon,2,No,Water - Floating,NA,NA,NA,-119.873761239899,34.4209563510419,2024-01-18,2024,7,Winter
Mallard,6,No,Water - Floating,NA,NA,NA,-119.873687451383,34.4209377068158,2024-01-18,2024,7,Winter
Mallard,2,No,Water - Floating,NA,NA,NA,-119.87296119312,34.421209948413,2024-01-18,2024,7,Winter
Northern Shoveler,1,No,Water - Floating,NA,NA,NA,-119.873130043156,34.4211529184347,2024-01-18,2024,7,Winter
Mallard,2,No,Water - Floating,NA,NA,NA,-119.871546522618,34.4209596315656,2024-01-18,2024,7,Winter
Mallard,2,No,Water - Floating,NA,NA,NA,-119.870201451787,34.4211290300197,2024-01-18,2024,7,Winter
Redhead,2,No,Water - Floating,NA,NA,NA,-119.876915089216,34.4200323267862,2024-01-18,2024,7,Winter
Gadwall,6,No,Water - Floating,NA,NA,NA,-119.877002428818,34.4200309929239,2024-01-18,2024,7,Winter
Ruddy Duck,3,No,Water - Floating,NA,NA,NA,-119.877043289587,34.4200861125406,2024-01-18,2024,7,Winter
American Wigeon,4,No,Water - Floating,NA,NA,NA,-119.877464742287,34.4203826634874,2024-01-18,2024,7,Winter
American Coot,5,No,Water - Floating,NA,NA,NA,-119.877323965502,34.4202897603201,2024-01-18,2024,7,Winter
Snow Goose,1,No,Flyover,NA,NA,NA,-119.875925001144,34.4202673300105,2024-01-18,2024,7,Winter
Canada Goose,11,No,Flyover,NA,NA,NA,-119.876192381095,34.4202144128633,2024-01-18,2024,7,Winter
Mallard,2,No,Water - Floating,NA,NA,NA,-119.877581090286,34.4205934444369,2024-01-18,2024,7,Winter
Greater Yellowlegs,2,No,Water - Wading,NA,NA,NA,-119.87787514032,34.4208234026508,2024-01-18,2024,7,Winter
Black-necked Stilt,1,No,Water - Wading,NA,NA,NA,-119.877444849095,34.4202490739319,2024-01-18,2024,7,Winter
American Coot,4,No,Water - Floating,NA,NA,NA,-119.878113339397,34.4208002277514,2024-01-18,2024,7,Winter
Gadwall,2,No,Water - Floating,NA,NA,NA,-119.87798543008,34.4207212274844,2024-01-18,2024,7,Winter
Green-winged Teal,3,No,Water - Floating,NA,NA,NA,-119.881050291387,34.4215286600655,2024-01-18,2024,7,Winter
Gadwall,9,No,Water - Floating,NA,NA,NA,-119.880999989324,34.421571218391,2024-01-18,2024,7,Winter
Northern Shoveler,2,No,Water - Floating,NA,NA,NA,-119.881173731585,34.4215318516443,2024-01-18,2024,7,Winter
Ruddy Duck,2,No,Water - Floating,NA,NA,NA,-119.881220169095,34.4215735133328,2024-01-18,2024,7,Winter
Mallard,8,No,Water - Floating,NA,NA,NA,-119.881062133877,34.421606952636,2024-01-18,2024,7,Winter
American Coot,6,No,Water - Floating,NA,NA,NA,-119.88134193663,34.421511529133,2024-01-18,2024,7,Winter
Hooded Merganser,2,No,Water - Floating,NA,NA,NA,-119.87409698344,34.4175639501199,2024-02-26,2024,7,Winter
Semipalmated Plover,49,No,Air,NA,NA,NA,-119.876315359559,34.4190085086279,2024-02-26,2024,7,Winter
Mallard,2,No,Water - Floating,NA,NA,NA,-119.874443784343,34.4180878227759,2024-02-26,2024,7,Winter
Killdeer,25,No,Bare ground,NA,NA,NA,-119.874797098931,34.4196232754398,2024-02-26,2024,7,Winter
Semipalmated Plover,9,No,Unknown,NA,NA,NA,-119.875732238854,34.4199280312915,2024-02-26,2024,7,Winter
Least Sandpiper,3,No,Bare ground,NA,NA,NA,-119.875039542548,34.4194542303751,2024-02-26,2024,7,Winter
Killdeer,10,No,Bare ground,NA,NA,NA,-119.874872141495,34.4193161375129,2024-02-26,2024,7,Winter
Semipalmated Plover,49,Yes,Bare ground,NA,NA,NA,-119.875828927223,34.4192214546603,2024-02-26,2024,7,Winter
Long-billed Curlew,4,No,Bare ground,NA,NA,NA,-119.875973339489,34.4193398589705,2024-02-26,2024,7,Winter
Whimbrel,4,No,Unknown,NA,NA,NA,-119.875958908054,34.4192731934392,2024-02-26,2024,7,Winter
American Coot,1,No,Water - Floating,NA,NA,NA,-119.871809498129,34.4210183897481,2024-02-26,2024,7,Winter
Hooded Merganser,2,Yes,Water - Floating,NA,NA,NA,-119.873464658413,34.4217324947736,2024-02-26,2024,7,Winter
Killdeer,1,No,Habitat Feature - Hibernacula,NA,NA,NA,-119.877539408457,34.418460530989,2024-02-26,2024,7,Winter
Mallard,3,No,Flyover,NA,NA,NA,-119.877081812041,34.4185872976148,2024-02-26,2024,7,Winter
Canada Goose,4,No,Vegetation - Herbaceous,NA,NA,NA,-119.879390338591,34.4192148045512,2024-02-26,2024,7,Winter
Green-winged Teal,4,No,Water - Floating,NA,NA,NA,-119.880025064814,34.4184001414423,2024-02-26,2024,7,Winter
Mallard,2,No,Water - Floating,NA,NA,NA,-119.880096240131,34.4182582474744,2024-02-26,2024,7,Winter
Mallard,1,No,Water - Floating,NA,NA,NA,-119.879334071715,34.4193982863053,2024-02-26,2024,7,Winter
Killdeer,5,No,Bare ground,NA,NA,NA,-119.879616316987,34.4184015998268,2024-02-26,2024,7,Winter
Green-winged Teal,2,No,Water - Floating,NA,NA,NA,-119.879800177871,34.4194916639872,2024-02-26,2024,7,Winter
Least Sandpiper,7,No,Bare ground,NA,NA,NA,-119.88032806117,34.4188164506423,2024-02-26,2024,7,Winter
Killdeer,2,No,Vegetation - Shrub,NA,NA,NA,-119.877977282361,34.4201466594509,2024-02-26,2024,7,Winter
Sora,1,No,Vegetation - Herbaceous,NA,NA,NA,-119.880223157707,34.4207743910731,2024-02-26,2024,7,Winter
American Coot,3,No,Water - Floating,Uncertain,NA,NA,-119.882312079408,34.4213098598972,2024-02-26,2024,7,Winter
Mallard,4,No,Water - Floating,NA,NA,NA,-119.881377095792,34.4215624773075,2024-02-26,2024,7,Winter
Canada Goose,2,No,Water - Floating,NA,NA,NA,-119.881465516067,34.4215260086912,2024-02-26,2024,7,Winter
Northern Shoveler,2,No,Water - Floating,NA,NA,NA,-119.88165340859,34.4215488017635,2024-02-26,2024,7,Winter
American Coot,45,No,Water - Floating,NA,NA,NA,-119.880951574622,34.4216354152333,2024-02-26,2024,7,Winter
Ruddy Duck,1,No,Water - Floating,NA,NA,NA,-119.881332886104,34.4216174817974,2024-02-26,2024,7,Winter
Sora,1,No,Vegetation - Herbaceous,NA,NA,NA,-119.883792066415,34.4213667578665,2024-02-26,2024,7,Winter
Hooded Merganser,1,Yes,Water - Floating,NA,NA,NA,-119.878881487898,34.4212915892259,2024-02-26,2024,7,Winter
Mallard,2,No,Vegetation - Herbaceous,NA,NA,NA,-119.878876651369,34.4215010666502,2024-02-26,2024,7,Winter
Sora,1,No,Water - Floating,NA,NA,NA,-119.878932235525,34.4213064489671,2024-02-26,2024,7,Winter
American Coot,1,No,Vegetation - Herbaceous,NA,NA,NA,-119.878888817252,34.4211411628189,2024-02-26,2024,7,Winter
Sora,1,No,Vegetation - Herbaceous,NA,NA,NA,-119.87898616768,34.4214748026189,2024-02-26,2024,7,Winter
Greater White-fronted Goose,3,No,Unknown,NA,NA,NA,-119.875090849826,34.4181830619593,2024-03-25,2024,7,Spring
Snow Goose,1,No,Unknown,NA,NA,NA,-119.875640801138,34.4183401023684,2024-03-25,2024,7,Spring
Northern Shoveler,3,No,Unknown,NA,NA,NA,-119.874092654458,34.4178998836741,2024-03-25,2024,7,Spring
American Wigeon,3,No,Mud,NA,NA,NA,-119.874677169349,34.4181205461354,2024-03-25,2024,7,Spring
Canada Goose,5,No,Mud,NA,NA,NA,-119.8754400124,34.4185210057127,2024-03-25,2024,7,Spring
Northern Shoveler,2,No,Water - Floating,NA,NA,NA,-119.874636861942,34.4185833174492,2024-03-25,2024,7,Spring
Killdeer,3,No,Bare ground,NA,NA,NA,-119.874735163686,34.4191520234645,2024-03-25,2024,7,Spring
Northern Shoveler,10,No,Water - Floating,NA,NA,NA,-119.87560549016,34.4194670436916,2024-03-25,2024,7,Spring
Least Sandpiper,5,No,Mud,NA,NA,NA,-119.875956483501,34.4197600843188,2024-03-25,2024,7,Spring
Killdeer,5,No,Bare ground,NA,NA,NA,-119.874958863954,34.4192570305857,2024-03-25,2024,7,Spring
Northern Shoveler,6,No,Water - Floating,NA,NA,NA,-119.874677636473,34.4204829138701,2024-03-25,2024,7,Spring
Killdeer,1,No,Bare ground,NA,NA,NA,-119.87460066882,34.4207319953684,2024-03-25,2024,7,Spring
Killdeer,1,No,Bare ground,NA,NA,NA,-119.875207529303,34.4203925607032,2024-03-25,2024,7,Spring
Mallard,1,No,Water - Floating,NA,NA,NA,-119.8737214616,34.4209444471931,2024-03-25,2024,7,Spring
American Coot,1,No,Water - Floating,NA,NA,NA,-119.871763226807,34.4210926160503,2024-03-25,2024,7,Spring
Cinnamon Teal,4,No,Water - Floating,NA,NA,NA,-119.871490879172,34.4210498811172,2024-03-25,2024,7,Spring
Cinnamon Teal,6,No,Water - Floating,NA,NA,NA,-119.870292527482,34.4210523235374,2024-03-25,2024,7,Spring
Mallard,1,No,Bare ground,NA,NA,NA,-119.873436679485,34.4216670723585,2024-03-25,2024,7,Spring
Gadwall,2,No,Water - Floating,NA,NA,NA,-119.875107364454,34.420506786167,2024-03-25,2024,7,Spring
Killdeer,1,No,Vegetation - Herbaceous,NA,NA,NA,-119.875984373496,34.4202408988593,2024-03-25,2024,7,Spring
American Wigeon,20,No,Water - Floating,NA,NA,NA,-119.878057819919,34.4207626887581,2024-03-25,2024,7,Spring
Hooded Merganser,4,No,Water - Floating,NA,NA,NA,-119.878924978934,34.4215501118889,2024-03-25,2024,7,Spring
Canada Goose,2,Yes,Water - Wading,NA,NA,NA,-119.878369489509,34.4209234242688,2024-03-25,2024,7,Spring
American Coot,22,No,Water - Floating,NA,NA,NA,-119.881168621968,34.4216762217331,2024-03-25,2024,7,Spring
Canada Goose,2,No,Bare ground,NA,NA,NA,-119.881067931604,34.4216894356009,2024-03-25,2024,7,Spring
Mallard,2,No,Water - Floating,NA,NA,NA,-119.877015050147,34.4176301834962,2024-03-25,2024,7,Spring
Snow Goose,1,No,Water - Floating,NA,NA,NA,-119.87923593077,34.4194008562326,2024-03-25,2024,7,Spring
Greater White-fronted Goose,3,No,Vegetation - Herbaceous,NA,NA,NA,-119.879834924706,34.4189384644117,2024-03-25,2024,7,Spring
Killdeer,1,No,Vegetation - Herbaceous,NA,NA,NA,-119.879499707578,34.4186664688566,2024-03-25,2024,7,Spring
Killdeer,1,No,Flyover,NA,NA,NA,-119.880010280341,34.4187258096308,2024-03-25,2024,7,Spring
Killdeer,1,No,Vegetation - Herbaceous,NA,NA,NA,-119.877699296001,34.4203929423343,2024-03-25,2024,7,Spring
American Coot,10,No,Water - Floating,NA,NA,NA,-119.882302311128,34.4212306881941,2024-03-25,2024,7,Spring
Ruddy Duck,2,No,Water - Floating,NA,NA,NA,-119.882109229037,34.4212589337995,2024-03-25,2024,7,Spring
Sora,1,No,Vegetation - Herbaceous,NA,NA,NA,-119.881793450553,34.4211035832222,2024-03-25,2024,7,Spring
Sora,1,No,Vegetation - Herbaceous,NA,NA,NA,-119.882586702475,34.4209513698623,2024-03-25,2024,7,Spring
Killdeer,1,No,Flyover,NA,NA,NA,-119.882923407213,34.4208587867096,2024-03-25,2024,7,Spring
Mallard,2,No,Water - Floating,NA,NA,NA,-119.882461707293,34.4211471043551,2024-03-25,2024,7,Spring
Greater Yellowlegs,1,No,Unknown,NA,NA,NA,-119.874077550185,34.4175690330259,2024-04-17,2024,7,Spring
Spotted Sandpiper,1,No,Bare ground,NA,NA,NA,-119.874563343819,34.4184392332522,2024-04-17,2024,7,Spring
Killdeer,3,No,Bare ground,NA,NA,NA,-119.874981265242,34.4190909533987,2024-04-17,2024,7,Spring
Black-necked Stilt,2,No,Bare ground,NA,NA,NA,-119.875320898488,34.4189981325341,2024-04-17,2024,7,Spring
Peep sp.,2,No,Flyover,NA,NA,NA,-119.875597079234,34.4193309968641,2024-04-17,2024,7,Spring
Canada Goose,2,No,Water - Floating,NA,NA,NA,-119.875387795129,34.4192974669847,2024-04-17,2024,7,Spring
American Wigeon,2,No,Water - Floating,NA,NA,NA,-119.875681600821,34.4194915431978,2024-04-17,2024,7,Spring
Northern Shoveler,2,No,Water - Floating,NA,NA,NA,-119.875677524266,34.4195496147279,2024-04-17,2024,7,Spring
Mallard,4,No,Water - Floating,NA,NA,NA,-119.875861863054,34.4195117943193,2024-04-17,2024,7,Spring
Killdeer,1,No,Vegetation - Herbaceous,NA,NA,NA,-119.874312489276,34.4204010632968,2024-04-17,2024,7,Spring
Mallard,2,No,Water - Floating,NA,NA,NA,-119.871639851287,34.4210242090238,2024-04-17,2024,7,Spring
Black-necked Stilt,4,No,Water - Wading,NA,NA,NA,-119.871870948284,34.4210242090238,2024-04-17,2024,7,Spring
Mallard,2,No,Flyover,NA,NA,NA,-119.872147120047,34.4219914488274,2024-04-17,2024,7,Spring
Gadwall,2,No,Water - Floating,NA,NA,NA,-119.876945899633,34.4207047833199,2024-04-17,2024,7,Spring
Mallard,1,No,Water - Floating,NA,NA,NA,-119.878000708627,34.4209249544889,2024-04-17,2024,7,Spring
Sora,1,No,Water - Floating,NA,NA,NA,-119.878890211438,34.4211405944529,2024-04-17,2024,7,Spring
American Coot,2,No,Water - Floating,NA,NA,NA,-119.881578880761,34.4215457761741,2024-04-17,2024,7,Spring
Gadwall,2,No,Water - Floating,NA,NA,NA,-119.882153204265,34.4212213994583,2024-04-17,2024,7,Spring
Green-winged Teal,1,No,Water - Floating,NA,NA,NA,-119.882305210889,34.421212862861,2024-04-17,2024,7,Spring
American Coot,12,No,Water - Floating,NA,NA,NA,-119.882460433482,34.42116733655,2024-04-17,2024,7,Spring
Western Sandpiper,13,No,Water - Wading,NA,NA,NA,-119.875158966379,34.4202226635239,2024-04-17,2024,7,Spring
Least Sandpiper,3,No,Water - Wading,NA,NA,NA,-119.875460025966,34.4203396962485,2024-04-17,2024,7,Spring
Green-winged Teal,1,No,Water - Floating,NA,NA,NA,-119.88238150301,34.4213495913317,2024-04-17,2024,7,Spring
Canada Goose,4,No,Mud,NA,NA,NA,-119.875881441836,34.4186633468269,2024-04-17,2024,7,Spring
Gadwall,2,No,Water - Floating,NA,NA,NA,-119.874556658557,34.4178539464976,2024-04-17,2024,7,Spring
Mallard,1,No,Water - Wading,NA,NA,NA,-119.874500944145,34.4183093725189,2024-04-17,2024,7,Spring
Least Sandpiper,4,No,Unknown,NA,NA,NA,-119.876610478588,34.4196066961905,2024-04-17,2024,7,Spring
Killdeer,1,No,Mud,NA,NA,NA,-119.875668405468,34.4179855605278,2024-04-17,2024,7,Spring
Least Sandpiper,1,No,Water - Wading,NA,NA,NA,-119.87692782553,34.4180836462078,2024-04-17,2024,7,Spring
Killdeer,1,No,Bare ground,NA,NA,NA,-119.879174839042,34.419446953365,2024-04-17,2024,7,Spring
Mallard,2,No,Air,NA,NA,NA,-119.878031554977,34.4204163804126,2024-04-17,2024,7,Spring
Mallard,10,No,Water - Floating,NA,Feeding/Begging,mom and 10 chicks swimming behind,-119.87868768985,34.4209846137835,2024-04-17,2024,7,Spring
Sora,1,No,Water - Wading,NA,NA,NA,-119.880185108665,34.4212030220601,2024-04-17,2024,7,Spring
Black-necked Stilt,1,Yes,Air,NA,NA,NA,-119.874805733538,34.4182528904216,2024-05-22,2024,7,Spring
Mallard,2,No,Bare ground,NA,NA,NA,-119.875767147386,34.4184280234079,2024-05-22,2024,7,Spring
Gadwall,2,Yes,Water - Floating,NA,NA,NA,-119.876485726849,34.4196909803678,2024-05-22,2024,7,Spring
Mallard,3,No,Flyover,NA,NA,NA,-119.879847583765,34.4202976663933,2024-05-22,2024,7,Spring
Gadwall,2,No,Bare ground,NA,NA,NA,-119.882345989013,34.4211748698049,2024-05-22,2024,7,Spring
Mallard,2,No,Bare ground,NA,NA,NA,-119.882339279496,34.4210724720194,2024-05-22,2024,7,Spring
Gadwall,2,No,Water - Floating,NA,NA,NA,-119.874777441996,34.4185629364195,2024-05-22,2024,7,Spring
Mallard,2,No,Mud,NA,NA,NA,-119.874359713711,34.418435700673,2024-05-22,2024,7,Spring
Canada Goose,5,No,Vegetation - Herbaceous,NA,NA,NA,-119.874351813028,34.4187115252238,2024-05-22,2024,7,Spring
Killdeer,1,No,Vegetation - Herbaceous,NA,NA,NA,-119.875058738648,34.4185320332468,2024-05-22,2024,7,Spring
Spotted Sandpiper,1,No,Vegetation - Herbaceous,NA,NA,NA,-119.874820954592,34.4183517820499,2024-05-22,2024,7,Spring
Canada Goose,2,No,Vegetation - Herbaceous,NA,NA,NA,-119.874788820956,34.4190356738017,2024-05-22,2024,7,Spring
Canada Goose,1,No,Water - Floating,NA,NA,NA,-119.875364001452,34.4198176361958,2024-05-22,2024,7,Spring
Mallard,5,No,Water - Floating,NA,NA,NA,-119.874660289107,34.4205149352776,2024-05-22,2024,7,Spring
Mallard,5,No,Water - Floating,NA,Other,4 young with mother,-119.87586206248,34.4196136975205,2024-05-22,2024,7,Spring
Black-necked Stilt,5,No,Vegetation - Herbaceous,NA,Other,adults with three tiny babies,-119.875716870476,34.4199072504304,2024-05-22,2024,7,Spring
Killdeer,1,No,Mud,NA,NA,NA,-119.87480261818,34.4193513243517,2024-05-22,2024,7,Spring
Black-necked Stilt,1,No,Vegetation - Herbaceous,NA,Other,sitting on nest,-119.875862427196,34.4198469419604,2024-05-22,2024,7,Spring
Killdeer,1,No,Vegetation - Herbaceous,NA,NA,NA,-119.874348871045,34.4202501002622,2024-05-22,2024,7,Spring
Ruddy Duck,1,No,Water - Floating,NA,NA,NA,-119.874063708045,34.4207371551489,2024-05-22,2024,7,Spring
Killdeer,1,No,Mud,NA,NA,NA,-119.873279527311,34.4206377802264,2024-05-22,2024,7,Spring
Canada Goose,5,No,Vegetation - Herbaceous,NA,Other,adults with three young,-119.873445024834,34.4211427026683,2024-05-22,2024,7,Spring
Black-necked Stilt,2,No,Mud,NA,Other,on nest,-119.874988591004,34.4206919442571,2024-05-22,2024,7,Spring
Killdeer,1,No,Mud,NA,NA,NA,-119.876622580691,34.420119098926,2024-05-22,2024,7,Spring
Gadwall,2,No,Water - Floating,NA,NA,NA,-119.876280723217,34.4196843369654,2024-05-22,2024,7,Spring
Ruddy Duck,3,No,Water - Floating,NA,NA,NA,-119.878110605823,34.4207966634078,2024-05-22,2024,7,Spring
Killdeer,1,No,Mud,NA,NA,NA,-119.877246611573,34.4205062311352,2024-05-22,2024,7,Spring
Killdeer,1,No,Mud,NA,NA,NA,-119.877445330592,34.4206492439476,2024-05-22,2024,7,Spring
Mallard,2,No,Water - Floating,NA,NA,NA,-119.88110804228,34.4216061404774,2024-05-22,2024,7,Spring
Pied-billed Grebe,2,No,Water - Floating,NA,NA,NA,-119.877953848908,34.4208110400869,2024-05-22,2024,7,Spring
Killdeer,4,No,Mud,NA,Other,adult with three young,-119.876331646914,34.4199357224987,2024-05-22,2024,7,Spring
Black-necked Stilt,1,No,Air,NA,NA,NA,-119.874523909575,34.4181976569568,2024-06-12,2024,7,Summer
Mallard,1,No,Flyover,NA,NA,NA,-119.876808867027,34.418005516334,2024-06-12,2024,7,Summer
Greater Yellowlegs,3,Yes,Water - Wading,NA,NA,NA,-119.877113795658,34.420157716412,2024-06-12,2024,7,Summer
Killdeer,1,No,Bare ground,NA,Other,nest with eggs,-119.883237748392,34.4209871325313,2024-06-12,2024,7,Summer
Killdeer,2,No,Water - Wading,NA,NA,NA,-119.882245688519,34.4211886736073,2024-06-12,2024,7,Summer
Mallard,1,No,Water - Floating,NA,NA,NA,-119.881342681334,34.4215810532203,2024-06-12,2024,7,Summer
Mallard,2,No,Water - Floating,NA,NA,NA,-119.881076867146,34.4215747582479,2024-06-12,2024,7,Summer
Gadwall,7,No,Mud,NA,Feeding/Begging,6 tiny babies,-119.874110616272,34.4175598668987,2024-06-12,2024,7,Summer
Black-necked Stilt,2,No,Unknown,NA,Other,sitting on nest,-119.874085629633,34.4179689883643,2024-06-12,2024,7,Summer
Canada Goose,6,No,Water - Floating,NA,NA,NA,-119.875476905311,34.4191569269417,2024-06-12,2024,7,Summer
Mallard,3,No,Water - Floating,NA,NA,NA,-119.875622812374,34.4192469916966,2024-06-12,2024,7,Summer
Gadwall,1,No,Water - Floating,NA,NA,NA,-119.875476497475,34.4189780658081,2024-06-12,2024,7,Summer
Black-necked Stilt,1,No,Mud,NA,NA,NA,-119.875863029067,34.4197125638262,2024-06-12,2024,7,Summer
Mallard,2,No,Water - Floating,NA,NA,NA,-119.875242394716,34.42012043501,2024-06-12,2024,7,Summer
Ruddy Duck,3,No,Water - Floating,NA,NA,NA,-119.874281254854,34.4206060789908,2024-06-12,2024,7,Summer
Canada Goose,9,No,Water - Floating,NA,NA,NA,-119.874001001147,34.4208527792014,2024-06-12,2024,7,Summer
Black-necked Stilt,1,No,Unknown,NA,Nest Building,sitting on nest,-119.875003521004,34.4202290460399,2024-06-12,2024,7,Summer
Killdeer,1,No,Unknown,NA,NA,NA,-119.874478750367,34.4200738877001,2024-06-12,2024,7,Summer
Killdeer,1,No,Bare ground,NA,NA,pair of killdeer. saw juveniles yesterday,-119.874358293474,34.4201275267031,2024-06-12,2024,7,Summer
Black-necked Stilt,2,No,Mud,NA,NA,NA,-119.874758925023,34.4206426502703,2024-06-12,2024,7,Summer
Mallard,2,No,Water - Floating,NA,NA,NA,-119.873545592128,34.4217229823056,2024-06-12,2024,7,Summer
Canada Goose,4,No,Bare ground,NA,NA,NA,-119.874406510547,34.4207974222203,2024-06-12,2024,7,Summer
Mallard,6,No,Water - Floating,F,NA,NA,-119.875388435628,34.4197437185153,2024-06-12,2024,7,Summer
Black-necked Stilt,1,No,Bare ground,NA,Other,sitting on nest,-119.875513491895,34.4198357856593,2024-06-12,2024,7,Summer
Killdeer,1,No,Bare ground,NA,NA,NA,-119.876013023465,34.4194742777198,2024-06-12,2024,7,Summer
Pied-billed Grebe,2,No,Water - Floating,NA,NA,NA,-119.876028130434,34.4195594327512,2024-06-12,2024,7,Summer
Killdeer,1,No,Bare ground,NA,NA,NA,-119.876274870693,34.4194992010984,2024-06-12,2024,7,Summer
Killdeer,1,No,Bare ground,NA,NA,NA,-119.876116252468,34.4198065895643,2024-06-12,2024,7,Summer
Killdeer,1,No,Bare ground,NA,NA,NA,-119.876916900219,34.4201970549053,2024-06-12,2024,7,Summer
Killdeer,1,No,Bare ground,NA,NA,NA,-119.877944147103,34.4209239792978,2024-06-12,2024,7,Summer
Black-necked Stilt,1,No,Bare ground,NA,NA,NA,-119.877281975551,34.4200225918143,2024-06-12,2024,7,Summer
Mallard,2,No,Water - Floating,NA,NA,NA,-119.877433041639,34.4205418257808,2024-06-12,2024,7,Summer
Ruddy Duck,2,No,Water - Floating,M,NA,NA,-119.877540679573,34.420543136663,2024-06-12,2024,7,Summer
Canada Goose,2,No,Water - Floating,NA,Other,2 Juveniles,-119.876620062714,34.4199464148983,2024-06-12,2024,7,Summer
Killdeer,5,Yes,Bare ground,NA,Feeding/Begging,NA,-119.875774587233,34.4196286190661,2024-06-12,2024,7,Summer
Killdeer,1,No,Unknown,NA,NA,NA,-119.874292352641,34.4184758054795,2024-07-08,2024,7,Summer
Pied-billed Grebe,1,No,Water - Floating,NA,NA,NA,-119.874452748632,34.4177273440154,2024-07-08,2024,7,Summer
Mallard,7,No,Mud,NA,NA,NA,-119.874126295467,34.4180755391003,2024-07-08,2024,7,Summer
Black-necked Stilt,1,No,Mud,NA,NA,NA,-119.874573818176,34.4180675135076,2024-07-08,2024,7,Summer
Killdeer,1,No,Mud,NA,NA,NA,-119.874119809631,34.4180175762222,2024-07-08,2024,7,Summer
Canada Goose,21,No,Mud,NA,NA,NA,-119.87535211764,34.4194256099349,2024-07-08,2024,7,Summer
Canada Goose,4,No,Mud,NA,NA,NA,-119.875987728704,34.4193079030657,2024-07-08,2024,7,Summer
Black-necked Stilt,3,No,Mud,NA,NA,NA,-119.876892431908,34.4199318957916,2024-07-08,2024,7,Summer
Gadwall,1,No,Water - Floating,NA,NA,NA,-119.876728124652,34.4198248902016,2024-07-08,2024,7,Summer
Killdeer,2,No,Mud,NA,NA,juvenile,-119.87693224075,34.4198434620542,2024-07-08,2024,7,Summer
Western Sandpiper,2,No,Unknown,NA,NA,sandpaper spp,-119.877230589222,34.4199950527386,2024-07-08,2024,7,Summer
Black-necked Stilt,3,No,Mud,NA,NA,NA,-119.875317269295,34.4196704691855,2024-07-08,2024,7,Summer
Gadwall,3,No,Water - Floating,NA,NA,NA,-119.875614665553,34.4195076378304,2024-07-08,2024,7,Summer
Black-necked Stilt,2,No,Mud,NA,Other,juveniles. short bill light back,-119.875210382352,34.4201407541542,2024-07-08,2024,7,Summer
Least Sandpiper,2,No,Mud,NA,NA,NA,-119.87483350226,34.4202949734821,2024-07-08,2024,7,Summer
Mallard,4,No,Mud,NA,NA,NA,-119.874980514251,34.4201834436079,2024-07-08,2024,7,Summer
Killdeer,2,No,Mud,NA,NA,NA,-119.874217348705,34.4207594852936,2024-07-08,2024,7,Summer
Killdeer,1,No,Mud,NA,NA,NA,-119.874650459741,34.4201059989294,2024-07-08,2024,7,Summer
Killdeer,2,No,Mud,NA,Other,fledgling under family care,-119.874230844993,34.4204394976179,2024-07-08,2024,7,Summer
Gadwall,1,No,Water - Floating,NA,NA,NA,-119.873580100012,34.4209602525457,2024-07-08,2024,7,Summer
Mallard,4,No,Mud,NA,NA,NA,-119.873528213321,34.4209994876588,2024-07-08,2024,7,Summer
Killdeer,1,No,Bridge,NA,NA,NA,-119.873119605631,34.420475165654,2024-07-08,2024,7,Summer
Killdeer,2,No,Mud,NA,NA,NA,-119.873208245095,34.421086873846,2024-07-08,2024,7,Summer
Pied-billed Grebe,1,No,Water - Floating,NA,NA,NA,-119.874931537203,34.4204571734278,2024-07-08,2024,7,Summer
Pied-billed Grebe,2,No,Water - Floating,NA,NA,NA,-119.875410287147,34.4198987211092,2024-07-08,2024,7,Summer
Killdeer,4,No,Bare ground,NA,Feeding/Begging,3 ju and one adult,-119.87713115111,34.4199508403612,2024-07-08,2024,7,Summer
Mallard,4,No,Water - Floating,NA,NA,NA,-119.877063826871,34.420034146026,2024-07-08,2024,7,Summer
Least Sandpiper,2,No,Mud,NA,NA,NA,-119.877781951787,34.4207673705735,2024-07-08,2024,7,Summer
Western Sandpiper,1,No,Mud,NA,NA,NA,-119.877931999185,34.4208753583004,2024-07-08,2024,7,Summer
Lesser Yellowlegs,3,No,Vegetation - Shrub,NA,NA,NA,-119.876673410963,34.4206616976819,2024-07-08,2024,7,Summer
Black-necked Stilt,4,No,Mud,NA,Feeding/Begging,two juveniles and two adults,-119.87830670266,34.4210455409304,2024-07-08,2024,7,Summer
Green-winged Teal,1,No,Water - Floating,NA,NA,NA,-119.878185145331,34.4208449932271,2024-07-08,2024,7,Summer
Cinnamon Teal,3,No,Mud,NA,NA,NA,-119.878370286314,34.4208326521563,2024-07-08,2024,7,Summer
Killdeer,4,No,Mud,NA,NA,NA,-119.878344590904,34.4210995342611,2024-07-08,2024,7,Summer
Black-necked Stilt,4,No,Unknown,NA,Other,mother and 3 babies,-119.877600284589,34.4206999821954,2024-07-08,2024,7,Summer
Black-necked Stilt,1,No,Bare ground,NA,Other,bird on  nest,-119.876574525315,34.4202140371595,2024-07-08,2024,7,Summer
Killdeer,3,No,Mud,NA,NA,NA,-119.874554902351,34.4175968181903,2024-08-22,2024,7,Summer
Pied-billed Grebe,1,No,Mud,NA,NA,NA,-119.874855188489,34.4187410321995,2024-08-22,2024,7,Summer
Pied-billed Grebe,1,No,Water - Floating,NA,NA,NA,-119.874483405437,34.4178366717887,2024-08-22,2024,7,Summer
Mallard,40,No,Water - Floating,NA,NA,NA,-119.87465738126,34.4177973514524,2024-08-22,2024,7,Summer
Greater Yellowlegs,1,No,Mud,NA,NA,NA,-119.874323729896,34.4183714250459,2024-08-22,2024,7,Summer
Least Sandpiper,21,No,Mud,NA,NA,NA,-119.874104472694,34.4180843887418,2024-08-22,2024,7,Summer
Western Sandpiper,2,No,Mud,NA,NA,NA,-119.873975779148,34.4179231764637,2024-08-22,2024,7,Summer
Semipalmated Plover,1,No,Mud,NA,NA,NA,-119.874771775423,34.4182377374227,2024-08-22,2024,7,Summer
Least Sandpiper,4,No,Mud,NA,NA,NA,-119.874619249573,34.418060796612,2024-08-22,2024,7,Summer
Semipalmated Plover,3,No,Mud,NA,NA,NA,-119.874590650807,34.4181984172749,2024-08-22,2024,7,Summer
Canada Goose,7,No,Mud,NA,NA,NA,-119.875315151067,34.4193819419211,2024-08-22,2024,7,Summer
Killdeer,3,No,Mud,NA,NA,NA,-119.874066433534,34.417999003223,2024-08-22,2024,7,Summer
Mallard,2,No,Air,NA,NA,NA,-119.873924150274,34.4188034667856,2024-08-22,2024,7,Summer
Gadwall,1,No,Mud,NA,NA,NA,-119.876023060342,34.4196582968979,2024-08-22,2024,7,Summer
Black-necked Stilt,3,No,Mud,NA,NA,NA,-119.874736119493,34.4204407484782,2024-08-22,2024,7,Summer
Canada Goose,21,Yes,Bare ground,NA,NA,NA,-119.876828589539,34.4195010188677,2024-08-22,2024,7,Summer
Killdeer,2,No,Bare ground,NA,NA,NA,-119.874798082586,34.4206491387214,2024-08-22,2024,7,Summer
Mallard,28,No,Water - Floating,NA,NA,NA,-119.877541173646,34.4205469092469,2024-08-22,2024,7,Summer
Least Sandpiper,1,No,Mud,NA,NA,NA,-119.874757864113,34.4201301277315,2024-08-22,2024,7,Summer
Killdeer,2,No,Mud,NA,NA,NA,-119.877064824899,34.4199728513298,2024-08-22,2024,7,Summer
Gadwall,1,No,Water - Floating,NA,NA,NA,-119.876845568596,34.4199335319979,2024-08-22,2024,7,Summer
Mallard,7,No,Air,NA,NA,NA,-119.876778838143,34.4201773108166,2024-08-22,2024,7,Summer
Greater Yellowlegs,1,No,Mud,NA,NA,NA,-119.874014298908,34.4206923896154,2024-08-22,2024,7,Summer
Mallard,4,No,Water - Floating,NA,NA,NA,-119.87368651444,34.4210060324002,2024-08-22,2024,7,Summer
Sora,1,No,Mud,NA,NA,NA,-119.873393025854,34.4218250754769,2024-08-22,2024,7,Summer
Black-necked Stilt,2,No,Water - Wading,NA,NA,NA,-119.877325338128,34.4202874097656,2024-08-22,2024,7,Summer
Western Sandpiper,9,No,Bare ground,NA,NA,NA,-119.877171150394,34.4205417924345,2024-08-22,2024,7,Summer
Killdeer,1,No,Water - Wading,NA,NA,NA,-119.877746785439,34.4207156201217,2024-08-22,2024,7,Summer
Black-necked Stilt,2,No,Water - Wading,NA,NA,NA,-119.877358468894,34.4205969087503,2024-08-22,2024,7,Summer
Cinnamon Teal,3,No,Water - Floating,NA,NA,NA,-119.877039813107,34.4203637242029,2024-08-22,2024,7,Summer
Gadwall,4,No,Water - Floating,NA,NA,NA,-119.877277999607,34.4209024998958,2024-08-22,2024,7,Summer
Mallard,32,No,Bare ground,NA,NA,NA,-119.87801306675,34.4209233649867,2024-08-22,2024,7,Summer
Gadwall,3,No,Water - Floating,NA,NA,NA,-119.878023345273,34.4208131334901,2024-08-22,2024,7,Summer
Killdeer,2,No,Bare ground,NA,NA,NA,-119.877540223229,34.4206859419242,2024-08-22,2024,7,Summer
Western Sandpiper,2,No,Bare ground,NA,NA,NA,-119.877812622067,34.4209912000236,2024-08-22,2024,7,Summer
Semipalmated Plover,2,No,Unknown,NA,NA,NA,-119.877668713755,34.4208131334901,2024-08-22,2024,7,Summer
Black-necked Stilt,4,No,Unknown,NA,NA,NA,-119.878713906283,34.4206716926804,2024-08-22,2024,7,Summer
Sora,3,No,Unknown,NA,NA,NA,-119.878651096079,34.4211592571593,2024-08-22,2024,7,Summer
Virginia Rail,1,No,Unknown,NA,NA,NA,-119.878749978134,34.4212218381446,2024-08-22,2024,7,Summer
Canada Goose,9,No,Flyover,NA,NA,NA,-119.882251790774,34.4198154145684,2024-08-22,2024,7,Summer
Green-winged Teal,3,No,Water - Floating,NA,NA,teal sp.,-119.877658684964,34.4205403148205,2024-08-22,2024,7,Summer
Killdeer,1,No,Water - Wading,NA,NA,NA,-119.874462151298,34.4176978492799,2024-09-26,2024,8,Fall
Least Sandpiper,6,No,Mud,NA,NA,NA,-119.874641986831,34.417687667921,2024-09-26,2024,8,Fall
Least Sandpiper,1,No,Water - Wading,NA,NA,NA,-119.874823586656,34.4177778439345,2024-09-26,2024,8,Fall
Black-necked Stilt,1,No,Mud,NA,NA,NA,-119.875708661671,34.4192497313272,2024-09-26,2024,8,Fall
Killdeer,2,No,Mud,NA,NA,NA,-119.874960203342,34.4195902192011,2024-09-26,2024,8,Fall
Killdeer,3,No,Mud,NA,NA,NA,-119.874818953145,34.4191133373381,2024-09-26,2024,8,Fall
Killdeer,3,No,Mud,NA,NA,NA,-119.875065786829,34.4199810345801,2024-09-26,2024,8,Fall
Mallard,4,No,Water - Floating,NA,NA,NA,-119.87499838264,34.4204491287969,2024-09-26,2024,8,Fall
Greater Yellowlegs,1,No,Water - Wading,NA,NA,NA,-119.878385514555,34.4209272116561,2024-09-26,2024,8,Fall
Mallard,2,No,Air,NA,NA,NA,-119.876523682467,34.4194669888547,2024-09-26,2024,8,Fall
Killdeer,3,No,Mud,NA,NA,NA,-119.874965166534,34.4193369503857,2024-09-26,2024,8,Fall
Green-winged Teal,2,No,Water - Floating,NA,NA,NA,-119.875383907221,34.4198580893675,2024-09-26,2024,8,Fall
Killdeer,1,No,Mud,NA,NA,NA,-119.873638439301,34.4211932279427,2024-09-26,2024,8,Fall
Mallard,3,No,Water - Floating,NA,NA,NA,-119.873659597321,34.4210274272987,2024-09-26,2024,8,Fall
Pied-billed Grebe,2,No,Water - Floating,NA,NA,NA,-119.873470689702,34.421736425882,2024-09-26,2024,8,Fall
Greater Yellowlegs,1,No,Water - Wading,NA,NA,NA,-119.874304701781,34.4206819959458,2024-09-26,2024,8,Fall
Mallard,7,No,Water - Wading,NA,NA,NA,-119.87693502373,34.4202027690115,2024-09-26,2024,8,Fall
Least Sandpiper,2,No,Water - Wading,NA,NA,NA,-119.877052195484,34.4202262004738,2024-09-26,2024,8,Fall
Western Sandpiper,13,No,Water - Wading,NA,NA,NA,-119.877789388041,34.4207391670407,2024-09-26,2024,8,Fall
Semipalmated Plover,1,No,Bare ground,NA,NA,NA,-119.877491582151,34.4206514047885,2024-09-26,2024,8,Fall
Least Sandpiper,2,No,Bare ground,NA,NA,NA,-119.8775400786,34.4206629618773,2024-09-26,2024,8,Fall
Sora,1,No,Vegetation - Herbaceous,NA,NA,NA,-119.878832986059,34.4213262328045,2024-09-26,2024,8,Fall
Least Sandpiper,1,No,Bare ground,NA,NA,NA,-119.880999495251,34.4215716904213,2024-09-26,2024,8,Fall
Killdeer,1,No,Flyover,NA,NA,NA,-119.877158869526,34.4183732887849,2024-09-26,2024,8,Fall
Killdeer,3,No,Flyover,NA,NA,NA,-119.876697033062,34.418154716755,2024-09-26,2024,8,Fall
Canada Goose,8,Yes,Air,NA,NA,NA,-119.878178504086,34.4200740914846,2024-09-26,2024,8,Fall
Mallard,8,No,Air,NA,NA,NA,-119.877227394813,34.4197370877147,2024-09-26,2024,8,Fall
Western Sandpiper,3,Yes,Unknown,NA,NA,NA,-119.87671034879,34.4196107111361,2024-09-26,2024,8,Fall
Least Sandpiper,6,Yes,Unknown,NA,NA,NA,-119.876455017043,34.4194527401443,2024-09-26,2024,8,Fall
Mallard,2,No,Water - Floating,NA,NA,NA,-119.8744411,34.41841241,2024-10-23,2024,8,Fall
Killdeer,1,No,Water - Wading,NA,NA,NA,-119.8761059,34.41976266,2024-10-23,2024,8,Fall
Killdeer,4,No,Water - Wading,NA,NA,NA,-119.8753952,34.42010488,2024-10-23,2024,8,Fall
Mallard,4,No,Water - Floating,NA,NA,NA,-119.8756023,34.41944107,2024-10-23,2024,8,Fall
Greater Yellowlegs,1,No,Water - Wading,NA,NA,NA,-119.8739392,34.42059892,2024-10-23,2024,8,Fall
Killdeer,3,No,Water - Wading,NA,NA,NA,-119.875318,34.42029938,2024-10-23,2024,8,Fall
Least Sandpiper,5,No,Water - Wading,NA,NA,NA,-119.8751924,34.42045539,2024-10-23,2024,8,Fall
Killdeer,20,No,Bare ground,NA,NA,NA,-119.8743898,34.42085044,2024-10-23,2024,8,Fall
Mallard,13,No,Water - Floating,NA,NA,NA,-119.8744293,34.42053372,2024-10-23,2024,8,Fall
Least Sandpiper,8,No,Water - Wading,NA,NA,NA,-119.874986,34.42062927,2024-10-23,2024,8,Fall
Northern Pintail,1,No,Water - Floating,F,NA,NA,-119.8743485,34.42069218,2024-10-23,2024,8,Fall
Mallard,8,No,Water - Floating,NA,NA,NA,-119.8735141,34.42178653,2024-10-23,2024,8,Fall
Green-winged Teal,1,No,Water - Floating,NA,NA,NA,-119.8735843,34.4217519,2024-10-23,2024,8,Fall
Pied-billed Grebe,1,No,Water - Floating,NA,NA,NA,-119.8735254,34.42175652,2024-10-23,2024,8,Fall
Greater Yellowlegs,1,No,Water - Wading,NA,NA,NA,-119.8766107,34.41970155,2024-10-23,2024,8,Fall
Least Sandpiper,4,No,Water - Wading,NA,NA,NA,-119.8775057,34.4202556,2024-10-23,2024,8,Fall
Western Sandpiper,1,No,Water - Wading,NA,NA,NA,-119.8773824,34.42004216,2024-10-23,2024,8,Fall
Least Sandpiper,7,No,Water - Wading,NA,NA,NA,-119.8783815,34.42068798,2024-10-23,2024,8,Fall
Greater Yellowlegs,1,No,Water - Wading,NA,NA,NA,-119.8782843,34.42098099,2024-10-23,2024,8,Fall
Sora,1,No,Water - Wading,NA,NA,NA,-119.8788647,34.42155367,2024-10-23,2024,8,Fall
Virginia Rail,1,No,Water - Wading,NA,NA,NA,-119.8787407,34.42154418,2024-10-23,2024,8,Fall
Mallard,3,No,Flyover,NA,NA,NA,-119.8766515,34.4187236,2024-10-23,2024,8,Fall
Canada Goose,13,No,Flyover,NA,NA,NA,-119.8795552,34.42118045,2024-10-23,2024,8,Fall
Mallard,16,No,Water - Floating,NA,NA,NA,-119.875339216934,34.4188079034247,2024-11-18,2024,8,Fall
Least Sandpiper,7,No,Water - Wading,NA,NA,NA,-119.874997588529,34.418440492294,2024-11-18,2024,8,Fall
Killdeer,53,No,Bare ground,NA,NA,NA,-119.874749551103,34.4196867253298,2024-11-18,2024,8,Fall
Black-necked Stilt,4,No,Water - Wading,NA,NA,NA,-119.874742465192,34.420255025165,2024-11-18,2024,8,Fall
Greater Yellowlegs,1,No,Water - Wading,NA,NA,NA,-119.874329893237,34.4202614469533,2024-11-18,2024,8,Fall
Least Sandpiper,4,No,Water - Wading,NA,NA,NA,-119.873576397156,34.4210378853946,2024-11-18,2024,8,Fall
Mallard,15,No,Bare ground,NA,NA,NA,-119.873444884697,34.421691042132,2024-11-18,2024,8,Fall
Sora,1,No,Water - Floating,NA,NA,NA,-119.873338364267,34.4218119638911,2024-11-18,2024,8,Fall
Pied-billed Grebe,1,No,Water - Floating,NA,NA,NA,-119.873670461546,34.4217709996205,2024-11-18,2024,8,Fall
Least Sandpiper,1,No,Bare ground,NA,NA,NA,-119.877490247255,34.4203335434608,2024-11-18,2024,8,Fall
Least Sandpiper,2,No,Water - Wading,NA,NA,NA,-119.877125047057,34.4203990869663,2024-11-18,2024,8,Fall
Least Sandpiper,3,No,Water - Wading,NA,NA,NA,-119.877375317695,34.4205182113725,2024-11-18,2024,8,Fall
Least Sandpiper,15,No,Water - Wading,NA,NA,NA,-119.878111207695,34.420891382269,2024-11-18,2024,8,Fall
Long-billed Dowitcher,1,No,Water - Wading,NA,NA,NA,-119.877839523017,34.4206773622924,2024-11-18,2024,8,Fall
Sora,1,No,Vegetation - Herbaceous,NA,NA,NA,-119.878881738528,34.4212303043437,2024-11-18,2024,8,Fall
Mallard,2,No,Water - Wading,NA,NA,NA,-119.873246672328,34.4177973514524,2024-12-17,2024,8,Winter
Killdeer,26,No,Bare ground,NA,NA,NA,-119.874966999996,34.4193602138744,2024-12-17,2024,8,Winter
Killdeer,3,No,Bare ground,NA,NA,NA,-119.875871129176,34.4198294290495,2024-12-17,2024,8,Winter
Mallard,4,No,Water - Floating,NA,NA,NA,-119.873666970693,34.4209693871771,2024-12-17,2024,8,Winter
Northern Pintail,1,No,Water - Floating,NA,NA,NA,-119.874056046314,34.4208318370261,2024-12-17,2024,8,Winter
Pied-billed Grebe,1,No,Water - Floating,NA,NA,NA,-119.874117983356,34.4200488496325,2024-12-17,2024,8,Winter
Mallard,16,No,Water - Floating,NA,NA,NA,-119.873310211066,34.4212121455496,2024-12-17,2024,8,Winter
Killdeer,50,No,Bare ground,NA,NA,NA,-119.873935511267,34.4206447503469,2024-12-17,2024,8,Winter
Least Sandpiper,1,No,Bare ground,NA,NA,NA,-119.874130048629,34.420426960855,2024-12-17,2024,8,Winter
American Coot,1,No,Water - Floating,NA,NA,NA,-119.873240733565,34.421275189635,2024-12-17,2024,8,Winter
Pied-billed Grebe,1,No,Water - Wading,NA,NA,NA,-119.87342489808,34.4218149131459,2024-12-17,2024,8,Winter
Least Sandpiper,2,No,Bare ground,NA,NA,NA,-119.873447875188,34.4209509267285,2024-12-17,2024,8,Winter
American Coot,1,No,Water - Floating,NA,NA,NA,-119.877259642535,34.4203131739732,2024-12-17,2024,8,Winter
Mallard,6,No,Water - Floating,NA,NA,NA,-119.877994922578,34.4206687574648,2024-12-17,2024,8,Winter
Least Sandpiper,6,No,Water - Wading,NA,NA,NA,-119.877948447338,34.4208676375386,2024-12-17,2024,8,Winter
Canada Goose,2,No,Flyover,NA,NA,NA,-119.883086790102,34.421332478888,2024-12-17,2024,8,Winter
Black-necked Stilt,1,No,Water - Wading,NA,NA,NA,-119.877583142038,34.4207016984177,2024-12-17,2024,8,Winter
Gadwall,1,No,Water - Floating,NA,NA,NA,-119.874114267026,34.4175638500772,2025-01-31,2025,8,Winter
American Wigeon,1,No,Water - Floating,NA,NA,NA,-119.875585872751,34.4190244640372,2025-01-31,2025,8,Winter
Northern Shoveler,3,No,Water - Floating,NA,NA,NA,-119.87580277996,34.4193446579501,2025-01-31,2025,8,Winter
Black-necked Stilt,1,No,Water - Wading,NA,NA,NA,-119.875517375312,34.4186948509397,2025-01-31,2025,8,Winter
Mallard,3,No,Water - Floating,NA,NA,NA,-119.874113049809,34.4175619166609,2025-01-31,2025,8,Winter
Greater Yellowlegs,2,No,Water - Wading,NA,NA,NA,-119.874865529895,34.4190150461147,2025-01-31,2025,8,Winter
Least Sandpiper,1,No,Air,NA,NA,NA,-119.874717119226,34.4187453747291,2025-01-31,2025,8,Winter
Ruddy Duck,2,No,Water - Floating,NA,NA,NA,-119.875557080848,34.4195913485438,2025-01-31,2025,8,Winter
Mallard,2,No,Water - Floating,NA,NA,NA,-119.87473981067,34.4184544054818,2025-01-31,2025,8,Winter
Killdeer,10,No,Unknown,NA,NA,NA,-119.874135320841,34.4184485800989,2025-01-31,2025,8,Winter
Green-winged Teal,1,No,Water - Floating,NA,NA,NA,-119.874604404913,34.4178741187229,2025-01-31,2025,8,Winter
Least Sandpiper,5,No,Water - Wading,NA,NA,NA,-119.874744646302,34.4177025772124,2025-01-31,2025,8,Winter
Greater Yellowlegs,5,No,Water - Wading,NA,NA,NA,-119.875566753009,34.4192823393705,2025-01-31,2025,8,Winter
Canada Goose,12,No,Water - Floating,NA,NA,NA,-119.875518393104,34.4190230375285,2025-01-31,2025,8,Winter
Pied-billed Grebe,2,No,Water - Floating,NA,NA,NA,-119.875276597172,34.4187557553006,2025-01-31,2025,8,Winter
Canada Goose,12,No,Water - Floating,NA,NA,NA,-119.875363643923,34.4200602422951,2025-01-31,2025,8,Winter
Greater White-fronted Goose,1,No,Water - Floating,NA,NA,NA,-119.874846200845,34.420471131483,2025-01-31,2025,8,Winter
Ring-necked Duck,3,No,Unknown,NA,NA,NA,-119.875194340238,34.4203049892734,2025-01-31,2025,8,Winter
Greater Yellowlegs,1,No,Water - Wading,NA,NA,NA,-119.875194969957,34.4204880047501,2025-01-31,2025,8,Winter
American Coot,3,No,Water - Floating,NA,NA,NA,-119.874761630749,34.4206102961895,2025-01-31,2025,8,Winter
Killdeer,4,No,Vegetation - Herbaceous,NA,NA,NA,-119.874078372144,34.4203513215554,2025-01-31,2025,8,Winter
Killdeer,1,No,Unknown,NA,NA,NA,-119.873699770879,34.4210907101335,2025-01-31,2025,8,Winter
Greater Yellowlegs,1,No,Unknown,NA,NA,NA,-119.873505908152,34.4211584398091,2025-01-31,2025,8,Winter
Killdeer,2,No,Unknown,NA,NA,NA,-119.873437486172,34.4208329596828,2025-01-31,2025,8,Winter
Long-billed Dowitcher,1,No,Unknown,NA,NA,NA,-119.874407322624,34.4208288469802,2025-01-31,2025,8,Winter
Mallard,8,No,Unknown,NA,NA,NA,-119.870262187781,34.4211742206675,2025-01-31,2025,8,Winter
American Coot,1,No,Water - Floating,NA,NA,NA,-119.873417560641,34.4217022982231,2025-01-31,2025,8,Winter
Mallard,4,No,Unknown,NA,NA,NA,-119.877531468248,34.4209905034591,2025-01-31,2025,8,Winter
Hooded Merganser,2,No,Unknown,NA,NA,NA,-119.878965418393,34.4211303705337,2025-01-31,2025,8,Winter
American Wigeon,2,No,Unknown,NA,NA,NA,-119.878731852826,34.4211352183181,2025-01-31,2025,8,Winter
Pied-billed Grebe,1,No,Unknown,NA,NA,NA,-119.878659186306,34.4210463034457,2025-01-31,2025,8,Winter
Canada Goose,42,No,Bare ground,NA,NA,NA,-119.878813537533,34.4208127370403,2025-01-31,2025,8,Winter
American Coot,2,No,Unknown,NA,NA,NA,-119.878837759707,34.4212444201079,2025-01-31,2025,8,Winter
Mallard,1,No,Unknown,NA,NA,NA,-119.879101780857,34.4211844771864,2025-01-31,2025,8,Winter
Killdeer,4,No,Vegetation - Herbaceous,NA,NA,NA,-119.877122976441,34.4188293366789,2025-01-31,2025,8,Winter
Killdeer,5,No,Unknown,NA,NA,NA,-119.880499645677,34.4198653752343,2025-01-31,2025,8,Winter
Killdeer,3,No,Vegetation - Herbaceous,NA,NA,NA,-119.8801908489,34.4203119727602,2025-01-31,2025,8,Winter
Gadwall,4,No,Water - Floating,NA,NA,NA,-119.8808467565,34.4216273025419,2025-01-31,2025,8,Winter
American Wigeon,4,No,Water - Floating,NA,NA,NA,-119.882125406797,34.4211750743277,2025-01-31,2025,8,Winter
Mallard,50,No,Water - Floating,NA,NA,NA,-119.881294476837,34.4216553197791,2025-01-31,2025,8,Winter
Least Sandpiper,1,No,Water - Wading,NA,NA,NA,-119.874105856998,34.4180138553978,2025-02-19,2025,8,Winter
Black-necked Stilt,2,No,Water - Wading,NA,NA,NA,-119.874075663723,34.4179668007762,2025-02-19,2025,8,Winter
Mallard,6,No,Water - Wading,NA,NA,NA,-119.873995149521,34.4179822198621,2025-02-19,2025,8,Winter
Mallard,2,No,Water - Wading,NA,NA,NA,-119.874636387632,34.4180166150772,2025-02-19,2025,8,Winter
Killdeer,1,No,Bare ground,NA,NA,NA,-119.877307408653,34.4189166028618,2025-02-19,2025,8,Winter
Canada Goose,21,Yes,Bare ground,NA,NA,NA,-119.879680666006,34.4185204647477,2025-02-19,2025,8,Winter
Mallard,2,No,Water - Floating,NA,NA,NA,-119.880067421278,34.418265464563,2025-02-19,2025,8,Winter
Gadwall,2,No,Water - Floating,NA,NA,NA,-119.880451301942,34.4187031158302,2025-02-19,2025,8,Winter
Canada Goose,4,No,Water - Wading,NA,NA,NA,-119.880116304901,34.4183745811748,2025-02-19,2025,8,Winter
Killdeer,2,No,Bare ground,NA,NA,NA,-119.880661213071,34.4187766505689,2025-02-19,2025,8,Winter
Wilson's Snipe,1,No,Vegetation - Herbaceous,NA,NA,NA,-119.880658337564,34.4190784520036,2025-02-19,2025,8,Winter
Killdeer,1,No,Water - Wading,NA,NA,NA,-119.881168739647,34.4192006135991,2025-02-19,2025,8,Winter
Killdeer,2,No,Mud,NA,NA,NA,-119.876918336626,34.4194299568752,2025-02-19,2025,8,Winter
Western Sandpiper,1,Yes,Mud,NA,NA,NA,-119.877381786464,34.4202323836517,2025-02-19,2025,8,Winter
Greater Yellowlegs,2,Yes,Water - Wading,NA,NA,NA,-119.879879412872,34.4210158976782,2025-02-19,2025,8,Winter
Least Sandpiper,10,Yes,Water - Wading,NA,NA,NA,-119.877029959486,34.4199950171689,2025-02-19,2025,8,Winter
Western Sandpiper,3,Yes,Water - Wading,NA,NA,NA,-119.87753983336,34.4201021499991,2025-02-19,2025,8,Winter
Killdeer,1,No,Air,NA,NA,NA,-119.879393045215,34.4207120016794,2025-02-19,2025,8,Winter
Gadwall,2,No,Water - Floating,NA,NA,NA,-119.882384169209,34.4211944091354,2025-02-19,2025,8,Winter
Ring-necked Duck,2,No,Water - Floating,NA,NA,NA,-119.882185548107,34.4212637274817,2025-02-19,2025,8,Winter
Mallard,6,No,Water - Floating,NA,NA,NA,-119.882396901032,34.4212595266185,2025-02-19,2025,8,Winter
Gadwall,4,No,Water - Floating,NA,NA,NA,-119.881379295766,34.4216205955656,2025-02-19,2025,8,Winter
American Coot,3,No,Water - Floating,NA,NA,NA,-119.881374202319,34.421603791442,2025-02-19,2025,8,Winter
Gadwall,6,No,Water - Floating,NA,NA,NA,-119.881073723941,34.4215848865211,2025-02-19,2025,8,Winter
Northern Shoveler,2,No,Water - Floating,NA,NA,NA,-119.881170488667,34.4216479029077,2025-02-19,2025,8,Winter
Mallard,3,No,Water - Floating,NA,NA,NA,-119.881501524137,34.4215533783099,2025-02-19,2025,8,Winter
Canada Goose,22,No,Water - Floating,NA,NA,NA,-119.875362724946,34.4188411370825,2025-02-19,2025,8,Winter
American Coot,1,No,Water - Floating,NA,NA,NA,-119.874287464908,34.4180637430349,2025-02-19,2025,8,Winter
Killdeer,3,No,Vegetation - Herbaceous,NA,NA,NA,-119.874005242991,34.4183888908349,2025-02-19,2025,8,Winter
Killdeer,3,No,Bare ground,NA,NA,NA,-119.875089314605,34.4189624683142,2025-02-19,2025,8,Winter
Killdeer,7,No,Vegetation - Herbaceous,NA,NA,NA,-119.875330344274,34.4192157345587,2025-02-19,2025,8,Winter
Killdeer,1,No,Habitat Feature - Log,NA,NA,NA,-119.874823177922,34.4193296481699,2025-02-19,2025,8,Winter
Least Sandpiper,3,No,Vegetation - Herbaceous,NA,NA,NA,-119.875126975575,34.4194352768006,2025-02-19,2025,8,Winter
Mallard,1,No,Water - Floating,NA,NA,NA,-119.874526867727,34.4205372840074,2025-02-19,2025,8,Winter
American Coot,3,No,Water - Floating,NA,NA,NA,-119.874117483893,34.4206979206536,2025-02-19,2025,8,Winter
Mallard,2,No,Water - Floating,NA,NA,NA,-119.874112946502,34.4209045288274,2025-02-19,2025,8,Winter
Black-necked Stilt,2,No,Water - Wading,NA,NA,NA,-119.875022417964,34.4204041874848,2025-02-19,2025,8,Winter
Black-necked Stilt,1,No,Water - Wading,NA,NA,NA,-119.874171122298,34.4206205898291,2025-02-19,2025,8,Winter
Killdeer,15,No,Vegetation - Herbaceous,NA,NA,NA,-119.874465724796,34.4208521337667,2025-02-19,2025,8,Winter
Killdeer,2,No,Vegetation - Herbaceous,NA,NA,NA,-119.873997088085,34.4203988980033,2025-02-19,2025,8,Winter
Mallard,2,No,Water - Wading,NA,NA,NA,-119.870891683115,34.4210873369867,2025-02-19,2025,8,Winter
American Coot,1,No,Water - Wading,NA,NA,NA,-119.870369853563,34.4211175078235,2025-02-19,2025,8,Winter
Mallard,2,No,Water - Floating,NA,NA,NA,-119.873417649574,34.4219826833344,2025-02-19,2025,8,Winter
Canada Goose,22,No,Air,NA,NA,NA,-119.872214332895,34.422222266479,2025-02-19,2025,8,Winter
American Coot,1,No,Water - Floating,NA,NA,NA,-119.87336827098,34.4216924797105,2025-02-19,2025,8,Winter
Western Sandpiper,10,No,Water - Wading,NA,NA,NA,-119.876600041961,34.4199292021276,2025-02-19,2025,8,Winter
Greater Yellowlegs,1,No,Water - Wading,NA,NA,NA,-119.878045943293,34.4209266329143,2025-02-19,2025,8,Winter
Pied-billed Grebe,1,No,Unknown,F,NA,NA,-119.878990378982,34.4213548348096,2025-02-19,2025,8,Winter
Cinnamon Teal,3,No,Water - Floating,NA,NA,NA,-119.874395286996,34.4181147311039,2025-03-18,2025,8,Spring
Mallard,2,No,Water - Floating,NA,NA,NA,-119.875399025867,34.4191538419824,2025-03-18,2025,8,Spring
Northern Shoveler,10,No,Water - Floating,NA,NA,NA,-119.875633160068,34.419294606566,2025-03-18,2025,8,Spring
Canada Goose,1,No,Vegetation - Herbaceous,NA,NA,NA,-119.874922821748,34.4191397814435,2025-03-18,2025,8,Spring
Least Sandpiper,5,No,Mud,NA,NA,NA,-119.875471217178,34.4203459142465,2025-03-18,2025,8,Spring
Killdeer,10,No,Mud,NA,NA,NA,-119.874898791815,34.4194756204834,2025-03-18,2025,8,Spring
Western Sandpiper,7,No,Mud,NA,NA,NA,-119.874648054951,34.4201228989473,2025-03-18,2025,8,Spring
Mallard,2,No,Water - Floating,NA,NA,NA,-119.874745598516,34.4205421622084,2025-03-18,2025,8,Spring
Mallard,1,No,Water - Floating,NA,NA,NA,-119.870364822099,34.4211378541433,2025-03-18,2025,8,Spring
Cinnamon Teal,2,No,Water - Floating,NA,NA,NA,-119.870408459561,34.4211674988343,2025-03-18,2025,8,Spring
Pied-billed Grebe,1,No,Water - Floating,NA,NA,NA,-119.873394868298,34.4218027641422,2025-03-18,2025,8,Spring
Black-necked Stilt,1,No,Mud,NA,NA,NA,-119.874845016865,34.4189136964853,2025-03-18,2025,8,Spring
Cinnamon Teal,4,Yes,Water - Floating,NA,NA,NA,-119.874155900346,34.4212629664505,2025-03-18,2025,8,Spring
Killdeer,4,No,Mud,NA,NA,NA,-119.875925417962,34.4191729023309,2025-03-18,2025,8,Spring
Black-necked Stilt,1,No,Mud,NA,NA,NA,-119.876244452839,34.419367012921,2025-03-18,2025,8,Spring
Redhead,2,No,Unknown,NA,NA,NA,-119.881129713238,34.4217345599949,2025-03-18,2025,8,Spring
Gadwall,4,No,Water - Floating,NA,NA,NA,-119.881135444489,34.4215785552389,2025-03-18,2025,8,Spring
American Coot,10,No,Water - Floating,NA,NA,NA,-119.880402500066,34.4216270335515,2025-03-18,2025,8,Spring
Pied-billed Grebe,1,No,Water - Floating,NA,NA,NA,-119.881367923095,34.4215927376363,2025-03-18,2025,8,Spring
Northern Shoveler,22,No,Water - Floating,NA,NA,NA,-119.874392848968,34.4180206745624,2025-03-18,2025,8,Spring
Canada Goose,2,No,Vegetation - Herbaceous,NA,NA,NA,-119.874495906393,34.4179838183128,2025-03-18,2025,8,Spring
Killdeer,1,No,Vegetation - Herbaceous,NA,NA,NA,-119.876910461994,34.4179740416036,2025-03-18,2025,8,Spring
Canada Goose,13,No,Bare ground,NA,NA,NA,-119.87899202739,34.4182222998577,2025-03-18,2025,8,Spring
Killdeer,1,No,Unknown,NA,NA,NA,-119.879097135669,34.4185810891196,2025-03-18,2025,8,Spring
Canada Goose,3,No,Bare ground,NA,NA,NA,-119.87956796876,34.4188876732218,2025-03-18,2025,8,Spring
Black-necked Stilt,2,No,Water - Wading,NA,NA,NA,-119.879236232604,34.4192573536798,2025-03-18,2025,8,Spring
Mallard,2,No,Water - Wading,NA,NA,NA,-119.879287974666,34.4193737623174,2025-03-18,2025,8,Spring
Killdeer,3,No,Bare ground,NA,NA,NA,-119.880354228196,34.4184884270144,2025-03-18,2025,8,Spring
Mallard,2,No,Unknown,NA,NA,NA,-119.880641160877,34.4189036212438,2025-03-18,2025,8,Spring
Mallard,2,No,Air,NA,NA,NA,-119.881045690216,34.4190334247349,2025-03-18,2025,8,Spring
Killdeer,1,No,Air,NA,NA,NA,-119.880236632437,34.4189946214687,2025-03-18,2025,8,Spring
Least Sandpiper,2,No,Water - Wading,NA,NA,NA,-119.880584715236,34.4188704513407,2025-03-18,2025,8,Spring
Killdeer,2,No,Unknown,NA,NA,NA,-119.87980735002,34.4196625000648,2025-03-18,2025,8,Spring
Killdeer,3,No,Air,NA,NA,NA,-119.878799959498,34.4195424955674,2025-03-18,2025,8,Spring
Killdeer,1,No,Vegetation - Herbaceous,NA,NA,NA,-119.876707774218,34.419425296475,2025-03-18,2025,8,Spring
Killdeer,1,No,Unknown,NA,NA,NA,-119.879475614762,34.4199582625705,2025-03-18,2025,8,Spring
Mallard,1,No,Air,NA,NA,NA,-119.880054082195,34.4206148164691,2025-03-18,2025,8,Spring
Killdeer,2,No,Bare ground,NA,NA,NA,-119.879499553068,34.4209532439181,2025-03-18,2025,8,Spring
Sora,1,No,Vegetation - Herbaceous,NA,NA,NA,-119.879372372285,34.4211912842359,2025-03-18,2025,8,Spring
Pied-billed Grebe,1,No,Water - Floating,NA,NA,NA,-119.881148801539,34.4215195573592,2025-03-18,2025,8,Spring
Mallard,2,No,Bare ground,NA,NA,NA,-119.881329316199,34.4214620251792,2025-03-18,2025,8,Spring
Northern Shoveler,3,No,Water - Floating,NA,NA,NA,-119.881276949808,34.4212558000102,2025-03-18,2025,8,Spring
Green-winged Teal,2,No,Water - Floating,NA,NA,NA,-119.882369639858,34.4212686960453,2025-03-18,2025,8,Spring
Ring-necked Duck,4,No,Water - Floating,NA,NA,NA,-119.882478026089,34.4211705288835,2025-03-18,2025,8,Spring
Northern Shoveler,6,No,Water - Floating,NA,NA,NA,-119.882222043064,34.4212299012267,2025-03-18,2025,8,Spring
American Coot,2,No,Water - Floating,NA,NA,NA,-119.882118786213,34.4212974662824,2025-03-18,2025,8,Spring
Greater Yellowlegs,1,No,Water - Wading,NA,NA,NA,-119.882367433596,34.4211943572637,2025-03-18,2025,8,Spring
Long-billed Dowitcher,3,No,Water - Wading,NA,NA,NA,-119.882471677695,34.4212250956861,2025-03-18,2025,8,Spring
Ruddy Duck,4,No,Water - Floating,NA,NA,NA,-119.882274981682,34.4212782330187,2025-03-18,2025,8,Spring
Canada Goose,1,No,Water - Floating,NA,NA,NA,-119.874071950088,34.4175863500303,2025-04-29,2025,8,Spring
Mallard,2,No,Water - Floating,NA,NA,NA,-119.874073033456,34.4175854666912,2025-04-29,2025,8,Spring
Black-necked Stilt,5,No,Water - Wading,NA,NA,NA,-119.874688030879,34.4185942575316,2025-04-29,2025,8,Spring
Greater Yellowlegs,1,No,Water - Wading,NA,NA,NA,-119.874829211906,34.4183947806934,2025-04-29,2025,8,Spring
Semipalmated Plover,1,No,Bare ground,NA,NA,NA,-119.874689238215,34.4183027304889,2025-04-29,2025,8,Spring
Gadwall,8,No,Bare ground,NA,NA,NA,-119.875160662398,34.4185109415396,2025-04-29,2025,8,Spring
Northern Shoveler,4,No,Bare ground,NA,NA,NA,-119.874994766921,34.4184770608154,2025-04-29,2025,8,Spring
Mallard,9,No,Bare ground,NA,NA,NA,-119.874738073329,34.4182991875293,2025-04-29,2025,8,Spring
Greater Yellowlegs,1,No,Water - Wading,NA,NA,NA,-119.875443326285,34.4187708600376,2025-04-29,2025,8,Spring
Least Sandpiper,2,No,Bare ground,NA,NA,NA,-119.874878602179,34.4186819233838,2025-04-29,2025,8,Spring
Gadwall,2,No,Water - Floating,NA,NA,NA,-119.875064704359,34.4188625451326,2025-04-29,2025,8,Spring
Canada Goose,2,No,Bare ground,NA,NA,NA,-119.875444609978,34.4196777906385,2025-04-29,2025,8,Spring
Western Sandpiper,2,No,Bare ground,NA,NA,NA,-119.875357334156,34.4193347531999,2025-04-29,2025,8,Spring
Canada Goose,1,No,Bare ground,NA,NA,NA,-119.875374778541,34.4195055732951,2025-04-29,2025,8,Spring
Least Sandpiper,1,No,Water - Wading,NA,NA,NA,-119.874258516697,34.4205405919658,2025-04-29,2025,8,Spring
Killdeer,2,No,Bare ground,NA,NA,NA,-119.874220826083,34.4207680123039,2025-04-29,2025,8,Spring
Mallard,2,No,Water - Floating,NA,NA,NA,-119.873525618986,34.4217561303286,2025-04-29,2025,8,Spring
Killdeer,1,No,Vegetation - Herbaceous,NA,NA,NA,-119.873589993158,34.4213870685566,2025-04-29,2025,8,Spring
Killdeer,1,No,Water - Wading,NA,NA,NA,-119.87601587382,34.4197824769716,2025-04-29,2025,8,Spring
Mallard,16,No,Unknown,NA,NA,NA,-119.878270629013,34.4210131788542,2025-04-29,2025,8,Spring
Northern Shoveler,1,No,Bare ground,NA,NA,NA,-119.878595719433,34.4210583162107,2025-04-29,2025,8,Spring
Killdeer,2,No,Unknown,NA,NA,NA,-119.878279454961,34.4210998729096,2025-04-29,2025,8,Spring
Black-necked Stilt,1,No,Water - Wading,NA,NA,NA,-119.876932386277,34.4200298665513,2025-04-29,2025,8,Spring
Mallard,2,No,Water - Floating,NA,NA,NA,-119.876939589867,34.417957346423,2025-04-29,2025,8,Spring
Gadwall,2,No,Bare ground,NA,NA,NA,-119.877093606022,34.4178895845123,2025-04-29,2025,8,Spring
Killdeer,2,No,Vegetation - Herbaceous,NA,NA,NA,-119.877250188665,34.4180505182195,2025-04-29,2025,8,Spring
Canada Goose,2,No,Vegetation - Herbaceous,NA,NA,NA,-119.876817966961,34.4179450664334,2025-04-29,2025,8,Spring
Canada Goose,2,No,Vegetation - Herbaceous,NA,NA,NA,-119.876340790865,34.4183971483452,2025-04-29,2025,8,Spring
Canada Goose,2,No,Vegetation - Herbaceous,NA,NA,NA,-119.879839539352,34.4184685320894,2025-04-29,2025,8,Spring
Mallard,6,No,Water - Floating,NA,NA,NA,-119.882538056906,34.4212627989791,2025-04-29,2025,8,Spring
Gadwall,2,No,Water - Floating,NA,NA,NA,-119.88193481304,34.4212280738616,2025-04-29,2025,8,Spring
American Coot,1,No,Water - Floating,NA,NA,NA,-119.882321204495,34.4212703551971,2025-04-29,2025,8,Spring
Cinnamon Teal,2,No,Water - Floating,NA,NA,NA,-119.882060981421,34.4213028794579,2025-04-29,2025,8,Spring
Pied-billed Grebe,1,No,Water - Floating,NA,NA,NA,-119.8808617395,34.4216357375772,2025-04-29,2025,8,Spring
Killdeer,1,No,Vegetation - Herbaceous,NA,NA,NA,-119.875727428375,34.4185379268004,2025-05-29,2025,8,Spring
Killdeer,1,No,Flyover,NA,NA,NA,-119.879693525389,34.4198508761216,2025-05-29,2025,8,Spring
Gadwall,2,Yes,Flyover,NA,NA,NA,-119.877338344835,34.4201068333335,2025-05-29,2025,8,Spring
Mallard,3,Yes,Water - Floating,NA,Other,adult with two chicks,-119.877364014194,34.4203578656065,2025-05-29,2025,8,Spring
Greater Yellowlegs,1,No,Water - Wading,NA,NA,NA,-119.881437719497,34.4215564246476,2025-05-29,2025,8,Spring
Mallard,2,No,Water - Floating,NA,NA,NA,-119.874273196068,34.417682262663,2025-05-29,2025,8,Spring
Canada Goose,1,No,Bare ground,NA,NA,NA,-119.874107266455,34.4175496832998,2025-05-29,2025,8,Spring
Mallard,7,No,Water - Floating,NA,NA,NA,-119.874476536919,34.4181483474196,2025-05-29,2025,8,Spring
Greater Yellowlegs,1,No,Water - Wading,NA,NA,NA,-119.874414218991,34.4182097064425,2025-05-29,2025,8,Spring
Mallard,26,No,Water - Floating,NA,NA,NA,-119.875012287662,34.4203891371381,2025-05-29,2025,8,Spring
Gadwall,2,No,Water - Floating,NA,NA,NA,-119.87431952039,34.4179320802183,2025-05-29,2025,8,Spring
Canada Goose,6,No,Bare ground,NA,NA,NA,-119.875028959496,34.4201402309845,2025-05-29,2025,8,Spring
Greater Yellowlegs,1,No,Water - Wading,NA,NA,NA,-119.875214253193,34.4199843062497,2025-05-29,2025,8,Spring
Gadwall,2,No,Water - Floating,NA,NA,NA,-119.875095032382,34.4201053631222,2025-05-29,2025,8,Spring
Gadwall,2,No,Water - Floating,NA,NA,NA,-119.87623834699,34.4196817989114,2025-05-29,2025,8,Spring
Western Snowy Plover,3,No,Bare ground,NA,NA,NA,-119.87515614477,34.4192701003327,2025-05-29,2025,8,Spring
Killdeer,1,Yes,Bare ground,NA,NA,NA,-119.875853950693,34.4194268141248,2025-05-29,2025,8,Spring
Killdeer,1,No,Bare ground,NA,NA,NA,-119.876650610823,34.4197223121728,2025-05-29,2025,8,Spring
Mallard,60,No,Water - Floating,NA,NA,NA,-119.877405051033,34.4205012751239,2025-05-29,2025,8,Spring
Gadwall,10,No,Water - Floating,NA,NA,NA,-119.877859624618,34.4208038091386,2025-05-29,2025,8,Spring
Killdeer,1,No,Bare ground,NA,NA,NA,-119.878554031316,34.4209563621572,2025-05-29,2025,8,Spring
Canada Goose,7,Yes,Bare ground,NA,NA,NA,-119.878361123498,34.4206862509332,2025-05-29,2025,8,Spring
Canada Goose,2,No,Bare ground,NA,NA,NA,-119.878049079311,34.4206142532867,2025-05-29,2025,8,Spring
Killdeer,1,No,Bare ground,NA,NA,NA,-119.879062336731,34.4212244643337,2025-05-29,2025,8,Spring
Northern Pintail,1,No,Unknown,NA,NA,NA,-119.878310741486,34.4208123894984,2025-05-29,2025,8,Spring
Canada Goose,6,No,Bare ground,NA,NA,goslings,-119.878481744783,34.4208376548327,2025-05-29,2025,8,Spring
Killdeer,3,No,Bare ground,NA,NA,NA,-119.87416052667,34.4176322999517,2025-06-24,2025,8,Summer
Gadwall,1,No,Water - Floating,NA,NA,NA,-119.874373581902,34.4179139347879,2025-06-24,2025,8,Summer
Mallard,8,No,Water - Floating,NA,NA,NA,-119.874489772696,34.4178419384596,2025-06-24,2025,8,Summer
Western Snowy Plover,2,No,Bare ground,NA,NA,NA,-119.874921017033,34.4189600006375,2025-06-24,2025,8,Summer
Canada Goose,1,No,Water - Floating,NA,NA,NA,-119.875842544784,34.4195253790487,2025-06-24,2025,8,Summer
Mallard,4,No,Water - Floating,NA,NA,NA,-119.875105835521,34.4203702623248,2025-06-24,2025,8,Summer
Killdeer,1,No,Bare ground,NA,NA,NA,-119.875667993141,34.4200356977524,2025-06-24,2025,8,Summer
Mallard,20,No,Water - Floating,NA,NA,NA,-119.873927615076,34.4207683502127,2025-06-24,2025,8,Summer
Greater Yellowlegs,2,No,Bare ground,NA,NA,NA,-119.87358680863,34.4210915252612,2025-06-24,2025,8,Summer
Killdeer,1,No,Bare ground,NA,NA,NA,-119.873715155427,34.4210978773289,2025-06-24,2025,8,Summer
Mallard,2,No,Water - Floating,NA,NA,NA,-119.87342937708,34.4218005151498,2025-06-24,2025,8,Summer
Canada Goose,5,No,Water - Floating,NA,NA,NA,-119.877070437573,34.4202296588741,2025-06-24,2025,8,Summer
Killdeer,1,No,Bare ground,NA,NA,NA,-119.877221053605,34.4203957767793,2025-06-24,2025,8,Summer
Killdeer,1,No,Unknown,NA,NA,NA,-119.876732249716,34.4205119000174,2025-06-24,2025,8,Summer
Gadwall,2,No,Water - Floating,NA,NA,NA,-119.877571525025,34.4205598431838,2025-06-24,2025,8,Summer
Killdeer,1,No,Water - Wading,NA,NA,NA,-119.877641029475,34.4206856766358,2025-06-24,2025,8,Summer
Greater Yellowlegs,1,Yes,Water - Wading,NA,NA,NA,-119.8777905828,34.4207626694914,2025-06-24,2025,8,Summer
Mallard,45,No,Bare ground,NA,NA,NA,-119.878165183867,34.4208550563783,2025-06-24,2025,8,Summer
Killdeer,3,No,Bare ground,NA,NA,NA,-119.877942131284,34.4209092135989,2025-06-24,2025,8,Summer
Red-necked Phalarope,10,Yes,Water - Floating,NA,NA,NA,-119.877960810852,34.420764241953,2025-06-24,2025,8,Summer
Greater Yellowlegs,1,No,Water - Wading,NA,NA,NA,-119.880635551797,34.420935757916,2025-06-24,2025,8,Summer
Killdeer,4,No,Mud,NA,NA,NA,-119.882764059557,34.4211124073485,2025-06-24,2025,8,Summer
Killdeer,3,No,Bare ground,NA,Other,2 juveniles,-119.874567045777,34.4185287133523,2025-07-23,2025,8,Summer
Western Snowy Plover,1,No,Bare ground,NA,Nest Building,NA,-119.875406431578,34.4194985408323,2025-07-23,2025,8,Summer
Mallard,2,No,Water - Floating,NA,NA,NA,-119.875194615122,34.4187083957854,2025-07-23,2025,8,Summer
Western Sandpiper,6,No,Air,NA,NA,NA,-119.875879985667,34.4193182435511,2025-07-23,2025,8,Summer
Black-necked Stilt,1,No,Water - Wading,NA,NA,NA,-119.87637074429,34.4195690492107,2025-07-23,2025,8,Summer
Killdeer,2,No,Bare ground,NA,NA,NA,-119.875770741545,34.4199234042658,2025-07-23,2025,8,Summer
Western Snowy Plover,3,No,Bare ground,NA,Other,2 juvenile,-119.874937579272,34.4190306206265,2025-07-23,2025,8,Summer
Mallard,1,No,Air,NA,NA,NA,-119.875234423066,34.4199620707504,2025-07-23,2025,8,Summer
Killdeer,2,No,Water - Wading,NA,NA,NA,-119.874843907446,34.4203979102086,2025-07-23,2025,8,Summer
Mallard,9,No,Water - Floating,NA,NA,NA,-119.874136600042,34.4207642656659,2025-07-23,2025,8,Summer
Killdeer,2,No,Bare ground,NA,Other,2 juveniles,-119.873428895583,34.4208425789599,2025-07-23,2025,8,Summer
Least Sandpiper,1,No,Bare ground,NA,NA,NA,-119.873415918521,34.421004368056,2025-07-23,2025,8,Summer
Mallard,17,No,Water - Floating,NA,NA,NA,-119.873480246878,34.4217963698899,2025-07-23,2025,8,Summer
Killdeer,1,No,Water - Wading,NA,NA,NA,-119.877347934351,34.4202671714296,2025-07-23,2025,8,Summer
Western Sandpiper,5,No,Unknown,NA,NA,NA,-119.877797147688,34.4204026913426,2025-07-23,2025,8,Summer
Least Sandpiper,1,No,Unknown,NA,NA,NA,-119.87760719443,34.4203391664107,2025-07-23,2025,8,Summer
Killdeer,2,No,Water - Wading,NA,NA,NA,-119.878251493999,34.4210379357843,2025-07-23,2025,8,Summer
Mallard,10,No,Bare ground,NA,Other,4 juveniles,-119.87863239046,34.4209404160088,2025-07-23,2025,8,Summer
Mallard,7,Yes,Air,NA,NA,NA,-119.879190477813,34.419987575696,2025-08-11,2025,8,Summer
Least Sandpiper,2,Yes,Bare ground,NA,NA,NA,-119.877484940008,34.4202103075406,2025-08-11,2025,8,Summer
Mallard,8,No,Unknown,NA,NA,NA,-119.878604399854,34.4215401836872,2025-08-11,2025,8,Summer
Killdeer,1,No,Bare ground,NA,NA,NA,-119.874444430232,34.4177026817012,2025-08-11,2025,8,Summer
Mallard,1,No,Water - Floating,NA,NA,NA,-119.874536743806,34.4178245259122,2025-08-11,2025,8,Summer
Least Sandpiper,6,No,Water - Wading,NA,NA,NA,-119.874047576997,34.4178369645051,2025-08-11,2025,8,Summer
Killdeer,1,No,Bare ground,NA,NA,NA,-119.874090098751,34.4180179578642,2025-08-11,2025,8,Summer
Semipalmated Plover,2,No,Bare ground,NA,NA,NA,-119.874849757275,34.4188430237833,2025-08-11,2025,8,Summer
Mallard,8,No,Water - Floating,NA,NA,NA,-119.87563685394,34.4194953714072,2025-08-11,2025,8,Summer
Western Snowy Plover,1,No,Bare ground,NA,NA,NA,-119.875331988191,34.419309914992,2025-08-11,2025,8,Summer
Mallard,34,No,Water - Floating,NA,NA,NA,-119.875805338362,34.4195222800232,2025-08-11,2025,8,Summer
Killdeer,4,No,Water - Wading,NA,NA,NA,-119.87602853737,34.4194019626056,2025-08-11,2025,8,Summer
Western Snowy Plover,1,No,Bare ground,NA,NA,NA,-119.874714682995,34.4206225542978,2025-08-11,2025,8,Summer
Killdeer,2,No,Water - Wading,NA,NA,NA,-119.873921753569,34.4210222779105,2025-08-11,2025,8,Summer
Killdeer,1,No,Bare ground,NA,NA,NA,-119.874259574015,34.4204918825628,2025-08-11,2025,8,Summer
Least Sandpiper,1,No,Bare ground,NA,NA,NA,-119.873908445926,34.4210577952698,2025-08-11,2025,8,Summer
Least Sandpiper,5,No,Bare ground,NA,NA,NA,-119.873572464332,34.4208761956611,2025-08-11,2025,8,Summer
Killdeer,4,No,Bare ground,NA,NA,NA,-119.876197474543,34.419446599148,2025-08-11,2025,8,Summer
Least Sandpiper,3,No,Bare ground,NA,NA,NA,-119.877159274666,34.4199997664615,2025-08-11,2025,8,Summer
Mallard,10,No,Water - Floating,NA,NA,NA,-119.876451033015,34.4197734037166,2025-08-11,2025,8,Summer
Greater Yellowlegs,1,No,Water - Wading,NA,NA,NA,-119.874149083031,34.4175646333739,2025-09-19,2025,NA,Fall
Mallard,11,No,Water - Wading,NA,NA,NA,-119.87414485017,34.417557050143,2025-09-19,2025,NA,Fall
Mallard,11,No,Water - Wading,NA,NA,NA,-119.87429901275,34.4180460585676,2025-09-19,2025,NA,Fall
Greater Yellowlegs,1,No,Water - Wading,NA,NA,NA,-119.874396777301,34.4178345427405,2025-09-19,2025,NA,Fall
Peep sp.,4,No,Air,NA,NA,NA,-119.874681532466,34.4183062682611,2025-09-19,2025,NA,Fall
Mallard,32,No,Water - Floating,NA,NA,NA,-119.875522679864,34.4191949305483,2025-09-19,2025,NA,Fall
Least Sandpiper,1,No,Mud,NA,NA,NA,-119.875633356799,34.4190412412606,2025-09-19,2025,NA,Fall
Western Sandpiper,3,No,Mud,NA,NA,NA,-119.875683162093,34.4192284071138,2025-09-19,2025,NA,Fall
Killdeer,3,No,Mud,NA,NA,NA,-119.875906361102,34.4194338325139,2025-09-19,2025,NA,Fall
Western Sandpiper,3,No,Mud,NA,NA,NA,-119.876039174322,34.4194886123871,2025-09-19,2025,NA,Fall
Least Sandpiper,1,No,Mud,NA,NA,NA,-119.875544815251,34.418917224598,2025-09-19,2025,NA,Fall
Mallard,5,No,Water - Floating,NA,NA,NA,-119.875124330036,34.4201902425876,2025-09-19,2025,NA,Fall
Killdeer,1,No,Mud,NA,NA,NA,-119.874162091535,34.4206240430258,2025-09-19,2025,NA,Fall
Western Sandpiper,12,No,Mud,NA,NA,NA,-119.873822697241,34.4208178679157,2025-09-19,2025,NA,Fall
Least Sandpiper,1,No,Mud,NA,NA,NA,-119.874057662383,34.4209411570354,2025-09-19,2025,NA,Fall
Least Sandpiper,2,No,Mud,NA,NA,NA,-119.873949504325,34.4207169324832,2025-09-19,2025,NA,Fall
Mallard,5,No,Water - Wading,NA,NA,NA,-119.87352111663,34.4218952499173,2025-09-19,2025,NA,Fall
Semipalmated Plover,1,No,Mud,NA,NA,NA,-119.875327410376,34.4190241683609,2025-09-19,2025,NA,Fall
Western Sandpiper,85,No,Mud,NA,NA,NA,-119.877461086144,34.4205725985306,2025-09-19,2025,NA,Fall
Killdeer,2,No,Unknown,NA,NA,NA,-119.877552460978,34.4206633575868,2025-09-19,2025,NA,Fall
Western Sandpiper,20,No,Unknown,NA,NA,NA,-119.877408964993,34.4203517876644,2025-09-19,2025,NA,Fall
Greater Yellowlegs,1,No,Unknown,NA,NA,NA,-119.87705173375,34.4202755161961,2025-09-19,2025,NA,Fall
Killdeer,1,No,Unknown,NA,NA,NA,-119.877232450531,34.4200259005341,2025-09-19,2025,NA,Fall
Western Sandpiper,8,Yes,Bare ground,NA,NA,NA,-119.877060495918,34.4199931579123,2025-09-19,2025,NA,Fall
Killdeer,1,Yes,Bare ground,NA,NA,NA,-119.877047630246,34.4199708401605,2025-09-19,2025,NA,Fall
Least Sandpiper,6,Yes,Water - Wading,NA,NA,NA,-119.876992832115,34.4199662768661,2025-09-19,2025,NA,Fall
Canada Goose,11,No,Water - Wading,NA,NA,NA,-119.874528178369,34.4178187701445,2025-10-22,2025,NA,Fall
Green-winged Teal,1,No,Water - Floating,NA,NA,NA,-119.875748376189,34.4195019896292,2025-10-22,2025,NA,Fall
Killdeer,2,No,Mud,NA,NA,NA,-119.874001056842,34.418095295542,2025-10-22,2025,NA,Fall
Mallard,8,No,Water - Floating,NA,NA,NA,-119.874112950096,34.4177363774754,2025-10-22,2025,NA,Fall
Greater Yellowlegs,1,No,Unknown,NA,NA,NA,-119.875384695043,34.4193638553475,2025-10-22,2025,NA,Fall
Least Sandpiper,7,No,Unknown,NA,NA,NA,-119.876776548338,34.4198915671496,2025-10-22,2025,NA,Fall
Least Sandpiper,19,No,Mud,NA,NA,NA,-119.875650658351,34.4191654378125,2025-10-22,2025,NA,Fall
Western Sandpiper,1,No,Mud,NA,NA,NA,-119.875692602488,34.4193138076801,2025-10-22,2025,NA,Fall
Mallard,38,No,Water - Floating,NA,NA,NA,-119.874219989752,34.4178150930335,2025-10-22,2025,NA,Fall
Green-winged Teal,5,No,Water - Floating,NA,NA,NA,-119.876821324863,34.4197876568186,2025-10-22,2025,NA,Fall
Killdeer,9,No,Bare ground,NA,NA,NA,-119.875521156321,34.4199125599509,2025-10-22,2025,NA,Fall
Mallard,10,No,Water - Floating,NA,NA,NA,-119.877140606776,34.4201569338806,2025-10-22,2025,NA,Fall
Killdeer,10,No,Bare ground,NA,NA,NA,-119.874227570634,34.4203117037655,2025-10-22,2025,NA,Fall
Killdeer,10,No,Bare ground,NA,NA,NA,-119.873941203891,34.4206755475127,2025-10-22,2025,NA,Fall
Mallard,17,No,Water - Floating,NA,NA,NA,-119.873434015082,34.4208410168742,2025-10-22,2025,NA,Fall
Mallard,12,No,Water - Floating,NA,NA,NA,-119.879047142626,34.4209860195101,2025-10-22,2025,NA,Fall
Virginia Rail,1,No,Vegetation - Herbaceous,NA,NA,NA,-119.878915472962,34.4212495746696,2025-10-22,2025,NA,Fall
Sora,1,No,Vegetation - Herbaceous,NA,NA,not Virginia rail,-119.878885783642,34.4214184330721,2025-10-22,2025,NA,Fall
American Coot,1,No,Water - Floating,NA,NA,NA,-119.882317277958,34.4212227081068,2025-10-22,2025,NA,Fall
Mallard,34,Yes,Water - Floating,NA,NA,NA,-119.882290715674,34.421198582584,2025-10-22,2025,NA,Fall
American Coot,3,No,Water - Floating,NA,NA,NA,-119.874239329581,34.4180899192115,2025-11-21,2025,NA,Fall
Pied-billed Grebe,1,No,Water - Floating,NA,NA,NA,-119.874351422261,34.4178209184606,2025-11-21,2025,NA,Fall
Greater Yellowlegs,1,No,Air,NA,NA,NA,-119.874460598111,34.4181829174543,2025-11-21,2025,NA,Fall
Killdeer,10,No,Bare ground,NA,NA,NA,-119.874662703778,34.4185836138682,2025-11-21,2025,NA,Fall
Greater Yellowlegs,1,No,Water - Wading,NA,NA,NA,-119.875170130641,34.4190770929307,2025-11-21,2025,NA,Fall
Pied-billed Grebe,1,No,Water - Floating,NA,NA,NA,-119.875068358706,34.4187077614497,2025-11-21,2025,NA,Fall
Killdeer,1,No,Bare ground,NA,NA,NA,-119.874994226135,34.4187679321658,2025-11-21,2025,NA,Fall
Western Sandpiper,2,No,Bare ground,NA,NA,NA,-119.874912568378,34.4187235961259,2025-11-21,2025,NA,Fall
Least Sandpiper,1,No,Bare ground,NA,NA,NA,-119.873569666978,34.4180676498611,2025-11-21,2025,NA,Fall
Mallard,1,No,Unknown,NA,NA,NA,-119.874386624542,34.4189484462774,2025-11-21,2025,NA,Fall
Least Sandpiper,11,No,Bare ground,NA,NA,NA,-119.875142909891,34.4190086168203,2025-11-21,2025,NA,Fall
Northern Shoveler,3,No,Water - Floating,NA,NA,NA,-119.874847305772,34.4184069042556,2025-11-21,2025,NA,Fall
Eared Grebe,1,No,Water - Floating,NA,NA,NA,-119.87497399338,34.4204907117346,2025-11-21,2025,NA,Fall
Killdeer,3,No,Bare ground,NA,NA,NA,-119.875183469725,34.4195847029104,2025-11-21,2025,NA,Fall
Eared Grebe,2,No,Water - Floating,NA,NA,NA,-119.876138064461,34.4196544457239,2025-11-21,2025,NA,Fall
Killdeer,1,No,Bare ground,NA,NA,NA,-119.874651036459,34.4208879935526,2025-11-21,2025,NA,Fall
Killdeer,3,No,Bare ground,NA,NA,NA,-119.873660891793,34.4210184379148,2025-11-21,2025,NA,Fall
Greater Yellowlegs,1,No,Bare ground,NA,NA,NA,-119.87351703738,34.4210364426176,2025-11-21,2025,NA,Fall
Greater Yellowlegs,8,No,Bare ground,NA,NA,NA,-119.872986533696,34.4205556333928,2025-11-21,2025,NA,Fall
Killdeer,5,No,Bare ground,NA,NA,NA,-119.872761996198,34.4214294468857,2025-11-21,2025,NA,Fall
Least Sandpiper,1,No,Bare ground,NA,NA,NA,-119.8743530545,34.4208987065792,2025-11-21,2025,NA,Fall
Gadwall,2,No,Bare ground,NA,NA,NA,-119.877344850434,34.4203155134115,2025-11-21,2025,NA,Fall
Mallard,20,No,Water - Floating,NA,NA,NA,-119.8812951901,34.4216360791876,2025-11-21,2025,NA,Fall
Northern Shoveler,2,No,Water - Floating,NA,NA,NA,-119.882348124309,34.4212299471702,2025-11-21,2025,NA,Fall
American Coot,1,No,Water - Floating,NA,NA,NA,-119.882236793401,34.4211887788327,2025-11-21,2025,NA,Fall
Gadwall,1,No,Water - Floating,NA,NA,NA,-119.881361499242,34.4216036306405,2025-11-21,2025,NA,Fall
Hooded Merganser,1,No,Water - Floating,NA,NA,NA,-119.878640641486,34.4212261946247,2025-11-21,2025,NA,Fall
Long-billed Curlew,4,No,Air,NA,NA,NA,-119.880679430007,34.421267590438,2025-11-21,2025,NA,Fall
Mallard,2,No,Water - Floating,NA,NA,NA,-119.880087987308,34.4183040043537,2025-11-21,2025,NA,Fall
Greater White-fronted Goose,2,No,Flyover,NA,NA,NA,-119.880284899815,34.4189747333336,2025-11-21,2025,NA,Fall
Snow Goose,1,No,Flyover,NA,NA,NA,-119.880304266594,34.4189894830711,2025-11-21,2025,NA,Fall
Greater Yellowlegs,1,No,Water - Wading,NA,NA,NA,-119.879161406534,34.419239528667,2025-11-21,2025,NA,Fall
Mallard,4,No,Water - Floating,NA,NA,NA,-119.879300021074,34.4192543517208,2025-11-21,2025,NA,Fall
Northern Shoveler,5,No,Water - Floating,NA,NA,NA,-119.883339317308,34.4212256129209,2025-11-21,2025,NA,Fall
Pied-billed Grebe,1,No,Water - Floating,NA,NA,NA,-119.874107933005,34.4175495832572,2025-12-22,2025,NA,Winter
Killdeer,2,No,Bare ground,NA,NA,NA,-119.875250663708,34.419426537717,2025-12-22,2025,NA,Winter
Least Sandpiper,11,No,Bare ground,NA,NA,NA,-119.874764705682,34.4180057230877,2025-12-22,2025,NA,Winter
Western Sandpiper,11,No,Bare ground,NA,NA,NA,-119.874968028567,34.4178721808674,2025-12-22,2025,NA,Winter
Killdeer,1,No,Bare ground,NA,NA,NA,-119.875269725958,34.4190913617133,2025-12-22,2025,NA,Winter
Mallard,2,No,Air,NA,NA,NA,-119.876045123864,34.4194469422494,2025-12-22,2025,NA,Winter
Killdeer,1,No,Bare ground,NA,NA,NA,-119.874987728621,34.4189488368077,2025-12-22,2025,NA,Winter
Least Sandpiper,15,No,Bare ground,NA,NA,NA,-119.875167629731,34.419797112447,2025-12-22,2025,NA,Winter
Western Sandpiper,15,No,Bare ground,NA,NA,NA,-119.8752429364,34.4196437962672,2025-12-22,2025,NA,Winter
Mallard,7,No,Water - Floating,NA,NA,NA,-119.875019714035,34.4203111917124,2025-12-22,2025,NA,Winter
Pied-billed Grebe,1,No,Water - Floating,NA,NA,NA,-119.874935770963,34.4205030698996,2025-12-22,2025,NA,Winter
Killdeer,10,No,Bare ground,NA,NA,NA,-119.874530608312,34.4203820988214,2025-12-22,2025,NA,Winter
Pied-billed Grebe,1,No,Water - Floating,NA,NA,NA,-119.87385791659,34.4201899498795,2025-12-22,2025,NA,Winter
Mallard,2,No,Water - Floating,NA,NA,NA,-119.872643181425,34.4213015389467,2025-12-22,2025,NA,Winter
Canada Goose,16,No,Air,NA,NA,NA,-119.874167416748,34.4214403332421,2025-12-22,2025,NA,Winter
Greater Yellowlegs,1,No,Unknown,NA,NA,NA,-119.874539965164,34.4207696292271,2025-12-22,2025,NA,Winter
Canada Goose,28,No,Air,NA,NA,NA,-119.874762116737,34.421395433219,2025-12-22,2025,NA,Winter
Killdeer,6,No,Bare ground,NA,NA,NA,-119.874984503669,34.4205937779003,2025-12-22,2025,NA,Winter
Canada Goose,8,No,Air,NA,NA,NA,-119.875162999814,34.4212540830582,2025-12-22,2025,NA,Winter
Greater Yellowlegs,2,No,Air,NA,NA,NA,-119.876687316884,34.4204593831817,2025-12-22,2025,NA,Winter
American Wigeon,6,No,Water - Floating,NA,NA,NA,-119.878076320722,34.4208403751444,2025-12-22,2025,NA,Winter
Pied-billed Grebe,1,No,Water - Floating,NA,NA,NA,-119.873156591966,34.4216451492763,2025-12-22,2025,NA,Winter
Mallard,2,No,Water - Floating,NA,NA,NA,-119.879320526018,34.4193104678085,2025-12-22,2025,NA,Winter
Mallard,4,No,Water - Floating,NA,NA,NA,-119.876999466174,34.4180694698848,2025-12-22,2025,NA,Winter
Greater Yellowlegs,2,No,Water - Wading,NA,NA,NA,-119.880442260399,34.4187189386505,2025-12-22,2025,NA,Winter
Mallard,2,No,Water - Floating,NA,NA,NA,-119.880088345736,34.4183003954406,2025-12-22,2025,NA,Winter
American Wigeon,6,Yes,Water - Floating,NA,NA,NA,-119.878055928965,34.4207571895884,2025-12-22,2025,NA,Winter
Northern Shoveler,8,No,Water - Floating,NA,NA,NA,-119.882417606301,34.4209503087124,2025-12-22,2025,NA,Winter
Gadwall,6,No,Water - Floating,NA,NA,NA,-119.881334069185,34.4217024086351,2025-12-22,2025,NA,Winter
American Coot,8,No,Water - Floating,NA,NA,NA,-119.882381849759,34.4213663036195,2025-12-22,2025,NA,Winter
Mallard,10,No,Water - Floating,NA,NA,NA,-119.882242506686,34.421128143754,2025-12-22,2025,NA,Winter
Greater Yellowlegs,1,No,Water - Wading,NA,NA,NA,-119.881101293237,34.4218200765646,2025-12-22,2025,NA,Winter
