taxon,invert_taxon,n_samples,mean_count,median_count,max_count,ln_count
annelida_oligochaete,Oligochaeta,84,3.27,0,65,1.451613827240533
cladocera,Cladocera,84,33.1,0,889,3.529297384289471
copepod,Copepoda,84,109.64,13.5,1606,4.706281687356503
diptera_ceratopogonidae,Ceratopogonidae,84,1.5,0,66,0.9162907318741551
diptera_chironomid,Chironimidae,84,9.15,2,200,2.3174737054877963
diptera_ephydridae,Ephydridae,84,0.05,0,2,0.04879016416943205
hemiptera_corixidae_boatman,Corixidae,84,10.87,0,305,2.4740142086215764
nematode,Nematoda,84,9.69,0,405,2.3693087250369538
ostracod,Ostracoda,84,254.37,16,15624,5.542713473895698
