OBJECTID,Date,Time,Common Name,Scientific Name,Count,Repeat Observation,Substrate,Sex,Breeding Activity,Observation Notes,Water Level,Observers,Starting Time,Ending Time,Starting Temp (F),Starting % Cloud Cover,Starting Cloud Height,Starting Wind Speed,Starting Wind Direction,Starting Rain,Ending Temp (F),Ending % Cloud Cover,Ending Cloud Height,Ending Wind Speed,Ending Wind Direction,Ending Rain,Weather Note,GlobalID,CreationDate,Creator,EditDate,Editor,x,y
1,8/14/2019,7:09,Black Phoebe,Sayornis nigricans,1,No,Bare ground,,,,,"WEST: Darwin, Beau, Eirik",,,,,,,,,,,,,,,,d026fd4f-233e-4449-b894-31a16cbd481b,8/14/2019 14:09,clark@ccber.ucsb.edu_ucsb,8/14/2019 14:09,clark@ccber.ucsb.edu_ucsb,-119.8739414,34.41763634
2,8/14/2019,7:14,Song Sparrow,Melospiza melodia,2,No,Vegetation - Herbaceous,,,,,"WEST: Darwin, Beau, Eirik",,,,,,,,,,,,,,,,77c38efd-172e-41ec-8859-eff244bba0c8,8/14/2019 14:14,clark@ccber.ucsb.edu_ucsb,8/14/2019 14:14,clark@ccber.ucsb.edu_ucsb,-119.8752874,34.41761631
3,8/14/2019,7:17,Anna's Hummingbird,Calypte anna,2,No,Vegetation - Tree,,,,,"WEST: Darwin, Beau, Eirik",,,,,,,,,,,,,,,,763ad449-ffe7-43b2-82ea-d5ded52a412b,8/14/2019 14:17,clark@ccber.ucsb.edu_ucsb,8/14/2019 14:17,clark@ccber.ucsb.edu_ucsb,-119.8767956,34.41771416
4,8/14/2019,7:17,California Towhee,Melozone crissalis,3,No,Bare ground,,,,,"WEST: Darwin, Beau, Eirik",,,,,,,,,,,,,,,,703a9c1e-89ef-441b-aa6a-6324d6ad1bdf,8/14/2019 14:17,clark@ccber.ucsb.edu_ucsb,8/14/2019 14:18,clark@ccber.ucsb.edu_ucsb,-119.876841,34.41799521
5,8/14/2019,7:22,White-tailed Kite,Elanus leucurus,1,No,Vegetation - Tree,,,,,"WEST: Darwin, Beau, Eirik",,,,,,,,,,,,,,,,7657f71c-53ab-4a60-8923-08e34149f91a,8/14/2019 14:22,clark@ccber.ucsb.edu_ucsb,8/14/2019 14:22,clark@ccber.ucsb.edu_ucsb,-119.8774273,34.41693462
6,8/14/2019,7:33,Cassin's Kingbird,Tyrannus vociferans,1,No,Vegetation - Herbaceous,,,,,"WEST: Darwin, Beau, Eirik",,,,,,,,,,,,,,,,d52b6f4b-3371-42e3-b30c-55868e35bcbc,8/14/2019 14:33,clark@ccber.ucsb.edu_ucsb,8/14/2019 14:33,clark@ccber.ucsb.edu_ucsb,-119.8776176,34.41762226
7,8/14/2019,7:36,Loggerhead Shrike,Lanius ludovicianus,1,No,Habitat Feature - Snag,,,,,"WEST: Darwin, Beau, Eirik",,,,,,,,,,,,,,,,d8ac637f-4308-4bbf-a9fe-40a5297a62d5,8/14/2019 14:36,clark@ccber.ucsb.edu_ucsb,8/14/2019 14:36,clark@ccber.ucsb.edu_ucsb,-119.8790172,34.41781258
8,8/14/2019,7:40,Loggerhead Shrike,Lanius ludovicianus,1,Yes,Habitat Feature - Snag,,,,,"WEST: Darwin, Beau, Eirik",,,,,,,,,,,,,,,,c2faddf6-ad5e-4736-a41f-f95f94ebd7ec,8/14/2019 14:40,clark@ccber.ucsb.edu_ucsb,8/14/2019 14:40,clark@ccber.ucsb.edu_ucsb,-119.8790519,34.4190706
9,8/14/2019,7:56,Western Bluebird,Sialia mexicana,2,No,Vegetation - Tree,,,juveniles ,,"WEST: Darwin, Beau, Eirik",,,,,,,,,,,,,,,,ff056f9b-8700-4fa8-a5e5-86b1f3722c89,8/14/2019 14:56,clark@ccber.ucsb.edu_ucsb,8/14/2019 14:58,clark@ccber.ucsb.edu_ucsb,-119.8802061,34.42008541
10,8/14/2019,7:57,Mourning Dove,Zenaida macroura,2,No,Flyover,,,,,"WEST: Darwin, Beau, Eirik",,,,,,,,,,,,,,,,5a207b6f-b5c6-4738-b702-2771c279a869,8/14/2019 14:57,clark@ccber.ucsb.edu_ucsb,8/14/2019 14:57,clark@ccber.ucsb.edu_ucsb,-119.8812276,34.41932648
11,8/14/2019,7:58,Killdeer,Charadrius vociferus,6,No,Bare ground,,,,,"WEST: Darwin, Beau, Eirik",,,,,,,,,,,,,,,,ee3fe054-59ba-4642-bf52-fe597ef0fb04,8/14/2019 14:58,clark@ccber.ucsb.edu_ucsb,8/14/2019 14:58,clark@ccber.ucsb.edu_ucsb,-119.8792208,34.41984791
12,8/14/2019,8:09,Yellow Warbler,Setophaga petechia,1,No,Vegetation - Tree,,,,,"WEST: Darwin, Beau, Eirik",,,,,,,,,,,,,,,,0d841ec2-0a96-4a9a-9ed4-1609e18fa244,8/14/2019 15:09,clark@ccber.ucsb.edu_ucsb,8/14/2019 15:09,clark@ccber.ucsb.edu_ucsb,-119.8778329,34.41945269
13,8/14/2019,8:10,House Wren,Troglodytes aedon,1,No,Vegetation - Tree,,,,,"WEST: Darwin, Beau, Eirik",,,,,,,,,,,,,,,,f636c0ee-2a04-4ae6-a895-f140b368a9a6,8/14/2019 15:10,clark@ccber.ucsb.edu_ucsb,8/14/2019 15:10,clark@ccber.ucsb.edu_ucsb,-119.8776459,34.41932207
14,8/14/2019,8:10,California Towhee,Melozone crissalis,1,No,Vegetation - Tree,,,,,"WEST: Darwin, Beau, Eirik",,,,,,,,,,,,,,,,445564f0-1eda-4641-b9d4-b6c9a7d21833,8/14/2019 15:10,clark@ccber.ucsb.edu_ucsb,8/14/2019 15:10,clark@ccber.ucsb.edu_ucsb,-119.8777377,34.41939458
15,8/14/2019,8:12,Black Phoebe,Sayornis nigricans,1,No,Vegetation - Herbaceous,,,,,"WEST: Darwin, Beau, Eirik",,,,,,,,,,,,,,,,35775ec0-477c-4e58-80c2-6bf144024306,8/14/2019 15:12,clark@ccber.ucsb.edu_ucsb,8/14/2019 15:12,clark@ccber.ucsb.edu_ucsb,-119.877226,34.4199102
16,8/14/2019,8:17,Pied-billed Grebe,Podilymbus podiceps,1,Yes,Water - Floating,,,,,"WEST: Darwin, Beau, Eirik",,,,,,,,,,,,,,,,f66500ff-165c-4b29-8a17-90efa14e1087,8/14/2019 15:17,clark@ccber.ucsb.edu_ucsb,8/14/2019 15:17,clark@ccber.ucsb.edu_ucsb,-119.8770306,34.42010548
17,8/14/2019,8:17,Savannah Sparrow (Belding's),Passerculus sandwichensis beldingi,1,No,Bare ground,,,,,"WEST: Darwin, Beau, Eirik",,,,,,,,,,,,,,,,4c25bb25-abc2-4222-99e0-8d65f1588c36,8/14/2019 15:17,clark@ccber.ucsb.edu_ucsb,8/14/2019 15:17,clark@ccber.ucsb.edu_ucsb,-119.8773647,34.41996369
18,8/14/2019,8:21,Gadwall,Mareca strepera,15,Yes,Water - Floating,,,9 juveniles ,,"WEST: Darwin, Beau, Eirik",,,,,,,,,,,,,,,,199211c9-c4a5-4c12-aca6-84a6595b03a6,8/14/2019 15:21,clark@ccber.ucsb.edu_ucsb,8/14/2019 15:21,clark@ccber.ucsb.edu_ucsb,-119.8785698,34.42095141
19,8/14/2019,8:22,Black Phoebe,Sayornis nigricans,1,No,Vegetation - Herbaceous,,,,,"WEST: Darwin, Beau, Eirik",,,,,,,,,,,,,,,,09f04aa3-ed7f-4255-a2f0-8c81cee1cb26,8/14/2019 15:22,clark@ccber.ucsb.edu_ucsb,8/14/2019 15:37,clark@ccber.ucsb.edu_ucsb,-119.8786399,34.42060018
20,8/14/2019,8:23,Mallard,Anas platyrhynchos,55,Yes,Water - Floating,,,,,"WEST: Darwin, Beau, Eirik",,,,,,,,,,,,,,,,8d93cb32-6055-43a8-97fa-63bbd26a6a54,8/14/2019 15:23,clark@ccber.ucsb.edu_ucsb,8/14/2019 15:24,clark@ccber.ucsb.edu_ucsb,-119.8784136,34.42094497
21,8/14/2019,8:23,Red-necked Phalarope,Phalaropus lobatus,1,Yes,Water - Wading,,,,,"WEST: Darwin, Beau, Eirik",,,,,,,,,,,,,,,,eaa21a88-b8e2-41e0-a4b3-6db76eff7f46,8/14/2019 15:23,clark@ccber.ucsb.edu_ucsb,8/14/2019 15:24,clark@ccber.ucsb.edu_ucsb,-119.8785112,34.42103842
22,8/14/2019,8:24,Killdeer,Charadrius vociferus,2,Yes,Bare ground,,,Changed repeat observation to Yes after post-survey review.,,"WEST: Darwin, Beau, Eirik",,,,,,,,,,,,,,,,feb0f06d-2a58-4d82-a718-252d5f27640b,8/14/2019 15:24,clark@ccber.ucsb.edu_ucsb,8/14/2019 15:27,clark@ccber.ucsb.edu_ucsb,-119.8787595,34.42079834
23,8/14/2019,8:25,Great Blue Heron,Ardea herodias,1,Yes,Water - Wading,,,,,"WEST: Darwin, Beau, Eirik",,,,,,,,,,,,,,,,d319e35b-5054-46df-9de7-1738811e37f4,8/14/2019 15:25,clark@ccber.ucsb.edu_ucsb,8/14/2019 15:25,clark@ccber.ucsb.edu_ucsb,-119.8786814,34.42099814
24,8/14/2019,8:25,Snowy Egret,Egretta thula,1,Yes,Water - Wading,,,,,"WEST: Darwin, Beau, Eirik",,,,,,,,,,,,,,,,3bd2e230-79b2-4a98-ac9b-1eb902c08a93,8/14/2019 15:25,clark@ccber.ucsb.edu_ucsb,8/14/2019 15:37,clark@ccber.ucsb.edu_ucsb,-119.8785617,34.42069779
25,8/14/2019,8:33,Savannah Sparrow (Belding's),Passerculus sandwichensis beldingi,4,No,Vegetation - Herbaceous,,,juvenile ,,"WEST: Darwin, Beau, Eirik",,,,,,,,,,,,,,,,14f62989-39fe-429f-9e40-c921fd55fbfe,8/14/2019 15:33,clark@ccber.ucsb.edu_ucsb,8/14/2019 15:34,clark@ccber.ucsb.edu_ucsb,-119.8785561,34.42046555
26,8/14/2019,8:36,Black Phoebe,Sayornis nigricans,1,No,Vegetation - Herbaceous,,,,,"WEST: Darwin, Beau, Eirik",,,,,,,,,,,,,,,,1f974fe3-1e2d-452b-b9cf-af3ec20872c7,8/14/2019 15:36,clark@ccber.ucsb.edu_ucsb,8/14/2019 15:37,clark@ccber.ucsb.edu_ucsb,-119.8785012,34.42029079
27,8/14/2019,8:40,Black Phoebe,Sayornis nigricans,2,No,Vegetation - Herbaceous,,,,,"WEST: Darwin, Beau, Eirik",,,,,,,,,,,,,,,,26d22628-e136-4b41-8a4e-65723eb71ed9,8/14/2019 15:40,clark@ccber.ucsb.edu_ucsb,8/14/2019 15:40,clark@ccber.ucsb.edu_ucsb,-119.8797982,34.4210884
28,8/14/2019,8:41,Song Sparrow,Melospiza melodia,1,No,Vegetation - Herbaceous,,,,,"WEST: Darwin, Beau, Eirik",,,,,,,,,,,,,,,,e9ee98bf-d3bb-4534-a127-8d2366a4a894,8/14/2019 15:41,clark@ccber.ucsb.edu_ucsb,8/14/2019 15:41,clark@ccber.ucsb.edu_ucsb,-119.8803748,34.42131469
29,8/14/2019,8:42,Loggerhead Shrike,Lanius ludovicianus,1,Yes,Habitat Feature - Snag,,,,,"WEST: Darwin, Beau, Eirik",,,,,,,,,,,,,,,,01e003ac-996b-4708-b3ff-d52ec50e86a7,8/14/2019 15:42,clark@ccber.ucsb.edu_ucsb,8/14/2019 15:42,clark@ccber.ucsb.edu_ucsb,-119.8810136,34.42000309
30,8/14/2019,8:46,Northern Mockingbird,Mimus polyglottos,4,No,Vegetation - Tree,,,,,"WEST: Darwin, Beau, Eirik",,,,,,,,,,,,,,,,61e4946e-62cc-4ac3-9ad6-e23c9e5cb483,8/14/2019 15:46,clark@ccber.ucsb.edu_ucsb,8/14/2019 15:46,clark@ccber.ucsb.edu_ucsb,-119.8817979,34.42089081
31,8/14/2019,8:46,Anna's Hummingbird,Calypte anna,1,No,Vegetation - Tree,,,,,"WEST: Darwin, Beau, Eirik",,,,,,,,,,,,,,,,26c2c721-1dbc-458b-aa3b-15d2f35eaee5,8/14/2019 15:46,clark@ccber.ucsb.edu_ucsb,8/14/2019 15:46,clark@ccber.ucsb.edu_ucsb,-119.8817535,34.42081458
32,8/14/2019,8:51,Cooper's Hawk,Accipiter cooperii,1,No,Habitat Feature - Snag,,,,,"WEST: Darwin, Beau, Eirik",,,,,,,,,,,,,,,,fb6ca089-a869-47c2-b8f2-1b718e205286,8/14/2019 15:51,clark@ccber.ucsb.edu_ucsb,8/14/2019 15:51,clark@ccber.ucsb.edu_ucsb,-119.8831884,34.42054989
33,8/14/2019,8:52,Hooded Oriole,Icterus cucullatus,1,No,Vegetation - Tree,,,,,"WEST: Darwin, Beau, Eirik",,,,,,,,,,,,,,,,2d8c77b7-2caa-4de5-9f6d-2d3fba23a187,8/14/2019 15:52,clark@ccber.ucsb.edu_ucsb,8/14/2019 15:52,clark@ccber.ucsb.edu_ucsb,-119.8817997,34.4208294
34,8/14/2019,8:54,Black Phoebe,Sayornis nigricans,1,No,Vegetation - Herbaceous,,,,,"WEST: Darwin, Beau, Eirik",,,,,,,,,,,,,,,,2bf7083d-c8ef-44c2-b8f7-e2445de2362f,8/14/2019 15:54,clark@ccber.ucsb.edu_ucsb,8/14/2019 15:54,clark@ccber.ucsb.edu_ucsb,-119.8833706,34.42089081
35,8/14/2019,8:59,House Wren,Troglodytes aedon,1,No,Vegetation - Tree,,,,,"WEST: Darwin, Beau, Eirik",,,,,,,,,,,,,,,,796627f7-4f5c-4b41-a267-30f5aabe55a1,8/14/2019 15:59,clark@ccber.ucsb.edu_ucsb,8/14/2019 15:59,clark@ccber.ucsb.edu_ucsb,-119.8842496,34.42073623
36,8/14/2019,9:00,Mourning Dove,Zenaida macroura,2,No,Flyover,,,,,"WEST: Darwin, Beau, Eirik",,,,,,,,,,,,,,,,39b4dc33-cd1f-4684-b629-b08f91dbe2bc,8/14/2019 16:00,clark@ccber.ucsb.edu_ucsb,8/14/2019 16:00,clark@ccber.ucsb.edu_ucsb,-119.883826,34.42105809
37,8/14/2019,9:01,Song Sparrow,Melospiza melodia,4,No,Vegetation - Herbaceous,,,,,"WEST: Darwin, Beau, Eirik",,,,,,,,,,,,,,,,3fcbce86-8546-4ae0-9fe9-c1ab18565501,8/14/2019 16:01,clark@ccber.ucsb.edu_ucsb,8/14/2019 16:01,clark@ccber.ucsb.edu_ucsb,-119.8839082,34.42128042
38,8/14/2019,9:02,Common Yellowthroat,Geothlypis trichas,2,No,Vegetation - Herbaceous,,,,,"WEST: Darwin, Beau, Eirik",,,,,,,,,,,,,,,,cc97b6dc-1821-41ad-8341-4693043f7a42,8/14/2019 16:02,clark@ccber.ucsb.edu_ucsb,8/14/2019 16:02,clark@ccber.ucsb.edu_ucsb,-119.8837978,34.42124472
39,8/14/2019,9:02,Oak Titmouse,Baeolophus inornatus,1,No,Vegetation - Tree,,,,,"WEST: Darwin, Beau, Eirik",,,,,,,,,,,,,,,,804c8aeb-8d90-4be1-b164-5e85b80bb4f0,8/14/2019 16:02,clark@ccber.ucsb.edu_ucsb,8/14/2019 16:02,clark@ccber.ucsb.edu_ucsb,-119.8845371,34.42118755
40,8/14/2019,9:04,Scaly-breasted Munia,Lonchura punctulata,1,No,,,,,,"WEST: Darwin, Beau, Eirik",,,,,,,,,,,,,,,,29aa0d25-29c6-48e6-beac-2c92f3a01138,8/14/2019 16:04,clark@ccber.ucsb.edu_ucsb,8/14/2019 16:04,clark@ccber.ucsb.edu_ucsb,-119.884134,34.42134
41,8/14/2019,9:05,Black Phoebe,Sayornis nigricans,1,No,Vegetation - Shrub,,,,,"WEST: Darwin, Beau, Eirik",,,,,,,,,,,,,,,,4ac5dc4a-9161-4fd0-a06e-fa5053017c3a,8/14/2019 16:05,clark@ccber.ucsb.edu_ucsb,8/14/2019 16:05,clark@ccber.ucsb.edu_ucsb,-119.8841418,34.42181432
42,8/14/2019,9:09,Mourning Dove,Zenaida macroura,1,No,Vegetation - Herbaceous,,,,,"WEST: Darwin, Beau, Eirik",,,,,,,,,,,,,,,,5b9331c7-8d54-4cb4-97cf-e6ac38dd3a35,8/14/2019 16:09,clark@ccber.ucsb.edu_ucsb,8/14/2019 16:09,clark@ccber.ucsb.edu_ucsb,-119.8828724,34.42175742
43,8/14/2019,9:12,Greater Yellowlegs,Tringa melanoleuca,5,No,Water - Wading,,,,,"WEST: Darwin, Beau, Eirik",,,,,,,,,,,,,,,,f43bc61c-5be6-4b79-b975-36d35aeaab21,8/14/2019 16:12,clark@ccber.ucsb.edu_ucsb,8/14/2019 16:20,clark@ccber.ucsb.edu_ucsb,-119.8824746,34.42123229
44,8/14/2019,9:12,Snowy Egret,Egretta thula,1,No,Water - Wading,,,,,"WEST: Darwin, Beau, Eirik",,,,,,,,,,,,,,,,9ac083da-852c-4bcc-b1de-f66663445c63,8/14/2019 16:12,clark@ccber.ucsb.edu_ucsb,8/14/2019 16:12,clark@ccber.ucsb.edu_ucsb,-119.8823411,34.42125135
45,8/14/2019,9:13,Common Yellowthroat,Geothlypis trichas,3,No,Vegetation - Herbaceous,,,,,"WEST: Darwin, Beau, Eirik",,,,,,,,,,,,,,,,2122c804-0ecf-4251-87fc-504aa5724ac2,8/14/2019 16:13,clark@ccber.ucsb.edu_ucsb,8/14/2019 16:13,clark@ccber.ucsb.edu_ucsb,-119.88297,34.42121525
46,8/14/2019,9:13,Song Sparrow,Melospiza melodia,1,No,Vegetation - Herbaceous,,,,,"WEST: Darwin, Beau, Eirik",,,,,,,,,,,,,,,,b9e53633-9448-4a9b-b46b-2e2e0bb8106e,8/14/2019 16:13,clark@ccber.ucsb.edu_ucsb,8/14/2019 16:13,clark@ccber.ucsb.edu_ucsb,-119.8821033,34.42170833
47,8/14/2019,9:13,Anna's Hummingbird,Calypte anna,1,No,Vegetation - Shrub,,,,,"WEST: Darwin, Beau, Eirik",,,,,,,,,,,,,,,,311caee8-dfc3-4fae-892b-5070e0c935f7,8/14/2019 16:13,clark@ccber.ucsb.edu_ucsb,8/14/2019 16:13,clark@ccber.ucsb.edu_ucsb,-119.8818534,34.42183778
48,8/14/2019,9:14,Black Phoebe,Sayornis nigricans,2,No,Vegetation - Herbaceous,,,,,"WEST: Darwin, Beau, Eirik",,,,,,,,,,,,,,,,fe407fc0-6044-40f3-bfae-235b7f1fc12f,8/14/2019 16:14,clark@ccber.ucsb.edu_ucsb,8/14/2019 16:14,clark@ccber.ucsb.edu_ucsb,-119.8815787,34.42161333
49,8/14/2019,9:21,Rock Pigeon (Feral Pigeon),Columba livia (Feral Pigeon),2,No,,,,,,"WEST: Darwin, Beau, Eirik",,,,,,,,,,,,,,,,c2aeae2d-b10b-410c-9a99-97efc9906629,8/14/2019 16:21,clark@ccber.ucsb.edu_ucsb,8/14/2019 16:21,clark@ccber.ucsb.edu_ucsb,-119.8785607,34.42018663
50,8/14/2019,9:21,Rock Pigeon (Feral Pigeon),Columba livia (Feral Pigeon),2,No,Vegetation - Tree,,,,,"WEST: Darwin, Beau, Eirik",,,,,,,,,,,,,,,,9b89088c-2253-48db-ba56-d2fc799918ac,8/14/2019 16:21,clark@ccber.ucsb.edu_ucsb,8/14/2019 16:21,clark@ccber.ucsb.edu_ucsb,-119.8826158,34.4218797
51,8/14/2019,9:22,Cliff Swallow,Petrochelidon pyrrhonota,2,No,,,,,,"WEST: Darwin, Beau, Eirik",,,,,,,,,,,,,,,,bf8427da-f604-4db9-bc7b-65983b14ab37,8/14/2019 16:22,clark@ccber.ucsb.edu_ucsb,8/14/2019 16:22,clark@ccber.ucsb.edu_ucsb,-119.8821485,34.42062596
52,8/14/2019,9:26,White-breasted Nuthatch,Sitta carolinensis,1,No,Vegetation - Tree,,,,,"WEST: Darwin, Beau, Eirik",,,,,,,,,,,,,,,,de65161a-4a54-4e03-be09-5aeb85e6cb24,8/14/2019 16:26,clark@ccber.ucsb.edu_ucsb,8/14/2019 16:26,clark@ccber.ucsb.edu_ucsb,-119.8824438,34.42176324
53,8/14/2019,9:28,Hooded Oriole,Icterus cucullatus,1,No,Vegetation - Tree,,,,,"WEST: Darwin, Beau, Eirik",,,,,,,,,,,,,,,,3de2bc5f-52b5-4d05-a8eb-6763ca80bb0c,8/14/2019 16:28,clark@ccber.ucsb.edu_ucsb,8/14/2019 16:28,clark@ccber.ucsb.edu_ucsb,-119.8826132,34.42175477
54,8/14/2019,9:57,American Crow,Corvus brachyrhynchos,6,No,Bare ground,,,,,"WEST: Darwin, Beau, Eirik",,,,,,,,,,,,,,,,27e5e6ef-05ce-4713-8f20-f78afbc8bdef,8/14/2019 16:57,clark@ccber.ucsb.edu_ucsb,8/14/2019 16:57,clark@ccber.ucsb.edu_ucsb,-119.8734251,34.42013945
55,8/14/2019,9:57,Red-shouldered Hawk,Buteo lineatus,1,No,Vegetation - Tree,,,,,"WEST: Darwin, Beau, Eirik",,,,,,,,,,,,,,,,0f3b9f64-744c-4673-a95b-ae315753d421,8/14/2019 16:57,clark@ccber.ucsb.edu_ucsb,8/14/2019 16:57,clark@ccber.ucsb.edu_ucsb,-119.8727384,34.42059202
56,8/14/2019,7:07,Mallard,Anas platyrhynchos,41,No,Water - Floating,,,,5.8,"EAST: Mark, Lisa, Steven",7.07,,58,100,Fog,,,,,,,,,,,94ace641-d0c0-42cb-bde6-1f866ff4bae0,8/14/2019 14:07,ccber_user,8/14/2019 14:08,ccber_user,-119.8748373,34.41863231
57,8/14/2019,7:08,Song Sparrow,Melospiza melodia,2,No,Fence,,Other,close assoc adult and juv,,"EAST: Mark, Lisa, Steven",,,,,,,,,,,,,,,,90bdebc5-54b8-4ff2-9d78-3bc9608623a5,8/14/2019 14:08,ccber_user,8/14/2019 14:08,ccber_user,-119.8736846,34.41803072
58,8/14/2019,7:12,California Towhee,Melozone crissalis,1,No,Bare ground,,,,,"EAST: Mark, Lisa, Steven",,,,,,,,,,,,,,,,350ff885-143a-49a1-bfc8-3f5a038aa4cc,8/14/2019 14:12,ccber_user,8/14/2019 14:12,ccber_user,-119.873961,34.41838003
59,8/14/2019,7:15,Black Phoebe,Sayornis nigricans,2,No,Fence,,,,,"EAST: Mark, Lisa, Steven",,,,,,,,,,,,,,,,ea92aa91-0c72-420f-bc22-582c306a4206,8/14/2019 14:15,ccber_user,8/14/2019 14:15,ccber_user,-119.8736257,34.41869538
60,8/14/2019,7:23,Gadwall,Mareca strepera,3,No,Water - Wading,,,,,"EAST: Mark, Lisa, Steven",,,,,,,,,,,,,,,,75b3659e-b54b-4f07-a222-990db30d750b,8/14/2019 14:23,ccber_user,8/14/2019 14:23,ccber_user,-119.8753548,34.41915627
61,8/14/2019,7:23,Song Sparrow,Melospiza melodia,2,No,Vegetation - Tree,,,,,"EAST: Mark, Lisa, Steven",,,,,,,,,,,,,,,,a4eb887e-819b-4096-8de1-8521d481de9d,8/14/2019 14:23,ccber_user,8/14/2019 14:23,ccber_user,-119.8737878,34.4189333
62,8/14/2019,7:23,House Wren,Troglodytes aedon,1,No,Vegetation - Shrub,,,,,"EAST: Mark, Lisa, Steven",,,,,,,,,,,,,,,,347545a1-edd8-4596-9c33-eb4d4b9799a3,8/14/2019 14:23,ccber_user,8/14/2019 14:23,ccber_user,-119.8738935,34.41914695
63,8/14/2019,7:24,Song Sparrow,Melospiza melodia,1,No,Vegetation - Shrub,,,,,"EAST: Mark, Lisa, Steven",,,,,,,,,,,,,,,,a54facaa-32a6-4c2d-92e0-2bd61e27389e,8/14/2019 14:24,ccber_user,8/14/2019 14:24,ccber_user,-119.8740151,34.41922108
64,8/14/2019,7:26,Common Yellowthroat,Geothlypis trichas,1,No,Vegetation - Shrub,,,,,"EAST: Mark, Lisa, Steven",,,,,,,,,,,,,,,,a9d632de-9f8a-41f8-8b06-02bf6cdcaba4,8/14/2019 14:26,ccber_user,8/14/2019 14:26,ccber_user,-119.8743983,34.41908155
65,8/14/2019,7:26,House Finch,Haemorhous mexicanus,4,No,Air,,,,,"EAST: Mark, Lisa, Steven",,,,,,,,,,,,,,,,bc81ce12-26c1-44fc-bffc-54131851b9f6,8/14/2019 14:26,ccber_user,8/14/2019 14:26,ccber_user,-119.8739781,34.41904013
66,8/14/2019,7:27,Snowy Egret,Egretta thula,1,No,Mud,,,,,"EAST: Mark, Lisa, Steven",,,,,,,,,,,,,,,,e9e3055a-521c-404f-a7f3-53509f90b4a9,8/14/2019 14:27,ccber_user,8/14/2019 14:27,ccber_user,-119.8757487,34.41969634
67,8/14/2019,7:27,Snowy Egret,Egretta thula,1,No,Mud,,,,,"EAST: Mark, Lisa, Steven",,,,,,,,,,,,,,,,2d7f974c-9ea7-4cf8-89dc-2e5678076381,8/14/2019 14:27,ccber_user,8/14/2019 14:27,ccber_user,-119.8750272,34.41849073
68,8/14/2019,7:28,Least Sandpiper,Calidris minutilla,2,No,Mud,,,,,"EAST: Mark, Lisa, Steven",,,,,,,,,,,,,,,,94dd8370-3b94-401b-8e94-b99113812e71,8/14/2019 14:28,ccber_user,8/14/2019 14:31,ccber_user,-119.8754395,34.41950885
69,8/14/2019,7:29,Pied-billed Grebe,Podilymbus podiceps,1,No,Water - Floating,,,,,"EAST: Mark, Lisa, Steven",,,,,,,,,,,,,,,,f84df9ed-2942-49b6-82a7-a1ea5f1fbb38,8/14/2019 14:29,ccber_user,8/14/2019 14:29,ccber_user,-119.8756113,34.41963748
70,8/14/2019,7:29,Red-necked Phalarope,Phalaropus lobatus,1,No,Water - Wading,,,,,"EAST: Mark, Lisa, Steven",,,,,,,,,,,,,,,,f522cf84-7789-4732-ac18-8b5ca0e4db47,8/14/2019 14:29,ccber_user,8/14/2019 14:29,ccber_user,-119.8755505,34.41969416
71,8/14/2019,7:32,Canada Goose,Branta canadensis,5,No,Air,,,,,"EAST: Mark, Lisa, Steven",,,,,,,,,,,,,,,,41914804-3b3c-4222-9c00-d7a0478624d4,8/14/2019 14:32,ccber_user,8/14/2019 14:32,ccber_user,-119.8780929,34.4208834
72,8/14/2019,7:37,Black Phoebe,Sayornis nigricans,1,No,Vegetation - Shrub,,,,,"EAST: Mark, Lisa, Steven",,,,,,,,,,,,,,,,eeddb31c-1db9-4940-bc0c-f2ff39c64434,8/14/2019 14:37,ccber_user,8/14/2019 14:37,ccber_user,-119.8729908,34.42029739
73,8/14/2019,7:38,House Finch,Haemorhous mexicanus,5,No,Air,,,,,"EAST: Mark, Lisa, Steven",,,,,,,,,,,,,,,,e88387c4-8a36-4e57-aa9e-3d941ab887e6,8/14/2019 14:38,ccber_user,8/14/2019 14:38,ccber_user,-119.8733386,34.42027968
74,8/14/2019,7:38,Snowy Egret,Egretta thula,1,Yes,Bridge,,,,,"EAST: Mark, Lisa, Steven",,,,,,,,,,,,,,,,d1bbe39b-ce6f-4efd-ae89-a4f462ae5e1d,8/14/2019 14:38,ccber_user,8/14/2019 14:38,ccber_user,-119.8738678,34.42093184
75,8/14/2019,7:38,Mallard,Anas platyrhynchos,17,No,Water - Wading,,,,,"EAST: Mark, Lisa, Steven",,,,,,,,,,,,,,,,f2527205-8a4a-4f70-91d7-e60700ee2a4d,8/14/2019 14:38,ccber_user,8/14/2019 14:38,ccber_user,-119.8733588,34.42095545
76,8/14/2019,7:42,Black Phoebe,Sayornis nigricans,1,No,Vegetation - Shrub,,,,,"EAST: Mark, Lisa, Steven",,,,,,,,,,,,,,,,cb4247c0-6cab-468f-a39f-436ad01da6f9,8/14/2019 14:42,ccber_user,8/14/2019 14:42,ccber_user,-119.8718189,34.42068672
77,8/14/2019,7:44,Western Bluebird,Sialia mexicana,3,No,Fence,,,,,"EAST: Mark, Lisa, Steven",,,,,,,,,,,,,,,,53c23221-349f-4830-8677-23dc70939b38,8/14/2019 14:44,ccber_user,8/14/2019 14:45,ccber_user,-119.871405,34.42068566
78,8/14/2019,7:45,House Finch,Haemorhous mexicanus,1,No,Vegetation - Shrub,,,,,"EAST: Mark, Lisa, Steven",,,,,,,,,,,,,,,,1b700533-951e-45aa-8f5a-9fa50589da23,8/14/2019 14:45,ccber_user,8/14/2019 14:45,ccber_user,-119.8715775,34.42063202
79,8/14/2019,7:45,Anna's Hummingbird,Calypte anna,2,No,Vegetation - Tree,,,,,"EAST: Mark, Lisa, Steven",,,,,,,,,,,,,,,,e53601b8-bc54-4e98-9bf7-64b7b0971681,8/14/2019 14:45,ccber_user,8/14/2019 14:45,ccber_user,-119.8714513,34.4206299
80,8/14/2019,7:46,Lesser Goldfinch,Spinus psaltria,2,No,Air,,,,,"EAST: Mark, Lisa, Steven",,,,,,,,,,,,,,,,e1b9903a-438e-48ee-a8bf-c241ec092169,8/14/2019 14:46,ccber_user,8/14/2019 14:46,ccber_user,-119.8718569,34.42101971
81,8/14/2019,7:46,Song Sparrow,Melospiza melodia,2,No,Vegetation - Herbaceous,,,,,"EAST: Mark, Lisa, Steven",,,,,,,,,,,,,,,,48a323e6-69cd-479e-ae4f-7b590a8aa256,8/14/2019 14:46,ccber_user,8/14/2019 14:48,ccber_user,-119.8713981,34.42098472
82,8/14/2019,7:50,Scaly-breasted Munia,Lonchura punctulata,1,No,Vegetation - Shrub,,,,,"EAST: Mark, Lisa, Steven",,,,,,,,,,,,,,,,1c3875f7-fbb5-4107-ab53-954f9725c519,8/14/2019 14:50,ccber_user,8/14/2019 14:50,ccber_user,-119.8706071,34.42121396
83,8/14/2019,7:50,Rock Pigeon (Feral Pigeon),Columba livia (Feral Pigeon),4,No,Air,,,,,"EAST: Mark, Lisa, Steven",,,,,,,,,,,,,,,,acbc4114-4451-4e13-a18d-e115d716c52e,8/14/2019 14:50,ccber_user,8/14/2019 14:50,ccber_user,-119.8707209,34.42112065
84,8/14/2019,7:51,Anna's Hummingbird,Calypte anna,1,No,Vegetation - Tree,,,,,"EAST: Mark, Lisa, Steven",,,,,,,,,,,,,,,,3e69be6c-bed1-4828-9229-ddaaffd1b8ac,8/14/2019 14:51,ccber_user,8/14/2019 14:51,ccber_user,-119.8705183,34.42118741
85,8/14/2019,7:51,Western Bluebird,Sialia mexicana,1,No,Building,,,,,"EAST: Mark, Lisa, Steven",,,,,,,,,,,,,,,,a432709c-5021-4ba2-bcb0-26dcdfc67983,8/14/2019 14:51,ccber_user,8/14/2019 14:51,ccber_user,-119.870329,34.42081247
86,8/14/2019,7:51,Common Yellowthroat,Geothlypis trichas,1,No,Vegetation - Herbaceous,,,,,"EAST: Mark, Lisa, Steven",,,,,,,,,,,,,,,,64c404ef-27c1-47ba-8ce8-3daba0c288ff,8/14/2019 14:51,ccber_user,8/14/2019 14:51,ccber_user,-119.8703354,34.42103552
87,8/14/2019,7:56,American Crow,Corvus brachyrhynchos,1,No,Air,,,,,"EAST: Mark, Lisa, Steven",,,,,,,,,,,,,,,,f190e728-4458-49d8-bafc-add7d940e7d1,8/14/2019 14:56,ccber_user,8/14/2019 14:56,ccber_user,-119.8712792,34.42135629
88,8/14/2019,7:59,Anna's Hummingbird,Calypte anna,1,No,Vegetation - Tree,,,,,"EAST: Mark, Lisa, Steven",,,,,,,,,,,,,,,,43ed2cb3-328e-452d-9546-28df646f45b5,8/14/2019 14:59,ccber_user,8/14/2019 14:59,ccber_user,-119.8722813,34.42240656
89,8/14/2019,7:59,Common Yellowthroat,Geothlypis trichas,1,No,Vegetation - Shrub,,,,,"EAST: Mark, Lisa, Steven",,,,,,,,,,,,,,,,3d59920f-9082-481c-b463-5bcf6e4f572d,8/14/2019 14:59,ccber_user,8/14/2019 14:59,ccber_user,-119.8724435,34.42223556
90,8/14/2019,7:59,American Crow,Corvus brachyrhynchos,1,No,Air,,,,,"EAST: Mark, Lisa, Steven",,,,,,,,,,,,,,,,a045c72a-9223-4b1d-a2fb-800864b77c65,8/14/2019 14:59,ccber_user,8/14/2019 14:59,ccber_user,-119.8725923,34.42227273
91,8/14/2019,8:00,Song Sparrow,Melospiza melodia,2,No,Vegetation - Tree,,,,,"EAST: Mark, Lisa, Steven",,,,,,,,,,,,,,,,5ace95e1-7783-4518-a60b-549cd53812b2,8/14/2019 15:00,ccber_user,8/14/2019 15:00,ccber_user,-119.8721958,34.42245967
92,8/14/2019,8:01,Cliff Swallow,Petrochelidon pyrrhonota,3,No,Air,,,,,"EAST: Mark, Lisa, Steven",,,,,,,,,,,,,,,,28e586d2-f227-43f3-975a-fa74100ca53d,8/14/2019 15:01,ccber_user,8/14/2019 15:02,ccber_user,-119.8723889,34.42259456
93,8/14/2019,8:03,Scaly-breasted Munia,Lonchura punctulata,5,No,Vegetation - Shrub,,,,,"EAST: Mark, Lisa, Steven",,,,,,,,,,,,,,,,9e0ad9dc-c723-448b-abac-6764f2d1ebe5,8/14/2019 15:03,ccber_user,8/14/2019 15:03,ccber_user,-119.8722498,34.4223234
94,8/14/2019,8:04,Selasphorus sp.,Selasphorus sp.,1,No,Vegetation - Herbaceous,,,,,"EAST: Mark, Lisa, Steven",,,,,,,,,,,,,,,,cc8a5610-0a04-4cd3-925c-648cc1fb6ad0,8/14/2019 15:04,ccber_user,8/14/2019 15:04,ccber_user,-119.8726117,34.42210325
95,8/14/2019,8:05,House Finch,Haemorhous mexicanus,1,No,Bare ground,,,,,"EAST: Mark, Lisa, Steven",,,,,,,,,,,,,,,,b6a508e4-0c31-4bcd-9dd8-9d0e925560bb,8/14/2019 15:05,ccber_user,8/14/2019 15:05,ccber_user,-119.8726001,34.4220289
96,8/14/2019,8:08,Scaly-breasted Munia,Lonchura punctulata,15,No,Vegetation - Shrub,,,,,"EAST: Mark, Lisa, Steven",,,,,,,,,,,,,,,,e8320530-0712-45b8-9a9e-e46c111a094e,8/14/2019 15:08,ccber_user,8/14/2019 15:08,ccber_user,-119.8728357,34.4219896
97,8/14/2019,8:08,Song Sparrow,Melospiza melodia,2,No,Vegetation - Herbaceous,,,,,"EAST: Mark, Lisa, Steven",,,,,,,,,,,,,,,,85e651ec-690b-419b-ba44-19cc1441dbaa,8/14/2019 15:08,ccber_user,8/14/2019 15:08,ccber_user,-119.8729593,34.42193331
98,8/14/2019,8:10,Mallard,Anas platyrhynchos,12,No,Water - Floating,,,,,"EAST: Mark, Lisa, Steven",,,,,,,,,,,,,,,,d7f47d69-8ce9-453f-b009-bcd867f6cb3c,8/14/2019 15:10,ccber_user,8/14/2019 15:10,ccber_user,-119.8734435,34.42175275
99,8/14/2019,8:10,Cliff Swallow,Petrochelidon pyrrhonota,3,No,Air,,,,,"EAST: Mark, Lisa, Steven",,,,,,,,,,,,,,,,12f2e2c9-645c-4acd-8082-54fd608afb71,8/14/2019 15:10,ccber_user,8/14/2019 15:10,ccber_user,-119.8734306,34.42180691
100,8/14/2019,8:12,Sora,Porzana carolina,1,No,Vegetation - Herbaceous,,,adult,,"EAST: Mark, Lisa, Steven",,,,,,,,,,,,,,,,fa0067fd-2b73-4a29-9f34-4733cd177876,8/14/2019 15:12,ccber_user,8/14/2019 15:13,ccber_user,-119.8732683,34.42187383
101,8/14/2019,8:12,Black Phoebe,Sayornis nigricans,1,No,Vegetation - Herbaceous,,,,,"EAST: Mark, Lisa, Steven",,,,,,,,,,,,,,,,6d9930dd-4b34-44b4-a900-0e1404d190f1,8/14/2019 15:12,ccber_user,8/14/2019 15:12,ccber_user,-119.8733095,34.42184621
102,8/14/2019,8:13,Common Yellowthroat,Geothlypis trichas,1,No,Vegetation - Herbaceous,,,,,"EAST: Mark, Lisa, Steven",,,,,,,,,,,,,,,,112a36ae-7919-410b-928b-b27f94970ba5,8/14/2019 15:13,ccber_user,8/14/2019 15:13,ccber_user,-119.8733211,34.42188445
103,8/14/2019,8:16,Song Sparrow,Melospiza melodia,1,No,Fence,,,,,"EAST: Mark, Lisa, Steven",,,,,,,,,,,,,,,,74299e7b-9da5-44ed-bf99-718daa089abb,8/14/2019 15:16,ccber_user,8/14/2019 15:16,ccber_user,-119.8738058,34.42157638
104,8/14/2019,8:16,Bewick's Wren,Thryomanes bewickii,1,No,Vegetation - Tree,,,,,"EAST: Mark, Lisa, Steven",,,,,,,,,,,,,,,,c5803286-8611-46c2-84ad-b190efb2d751,8/14/2019 15:16,ccber_user,8/14/2019 15:16,ccber_user,-119.873762,34.42170808
105,8/14/2019,8:17,House Finch,Haemorhous mexicanus,3,No,Vegetation - Herbaceous,,,,,"EAST: Mark, Lisa, Steven",,,,,,,,,,,,,,,,22684833-294b-42b8-a956-3b2da0936951,8/14/2019 15:17,ccber_user,8/14/2019 15:17,ccber_user,-119.8741084,34.42161886
106,8/14/2019,8:17,Song Sparrow,Melospiza melodia,2,No,Vegetation - Shrub,,,,,"EAST: Mark, Lisa, Steven",,,,,,,,,,,,,,,,f0d17992-b542-42c4-b942-a40e7e391212,8/14/2019 15:17,ccber_user,8/14/2019 15:17,ccber_user,-119.8737775,34.42162736
107,8/14/2019,8:21,Anna's Hummingbird,Calypte anna,1,No,Vegetation - Tree,,,,,"EAST: Mark, Lisa, Steven",,,,,,,,,,,,,,,,d56ba2fa-9bb6-494a-8e4f-bdb6304302ce,8/14/2019 15:21,ccber_user,8/14/2019 15:21,ccber_user,-119.8748223,34.42153597
108,8/14/2019,8:22,House Finch,Haemorhous mexicanus,1,No,Air,,,,,"EAST: Mark, Lisa, Steven",,,,,,,,,,,,,,,,27efe22b-a02f-484c-b6d6-6ca8590874d2,8/14/2019 15:22,ccber_user,8/14/2019 15:22,ccber_user,-119.8751314,34.42140639
109,8/14/2019,8:24,Ash-throated Flycatcher,Myiarchus cinerascens,1,No,Fence,,,,,"EAST: Mark, Lisa, Steven",,,,,,,,,,,,,,,,3bb19e87-4151-455a-a8a3-dddc991e662e,8/14/2019 15:24,ccber_user,8/14/2019 15:24,ccber_user,-119.8753747,34.42098578
110,8/14/2019,8:26,Double-crested Cormorant,Phalacrocorax auritus,1,No,Mud,,,,,"EAST: Mark, Lisa, Steven",,,,,,,,,,,,,,,,c9365ae8-22e1-42c3-97f5-d7dcd70bc1b1,8/14/2019 15:26,ccber_user,8/14/2019 15:26,ccber_user,-119.875904,34.41940186
111,8/14/2019,8:26,Killdeer,Charadrius vociferus,2,No,Mud,,,,,"EAST: Mark, Lisa, Steven",,,,,,,,,,,,,,,,fd875aff-a645-4634-94dc-378dcbcffa9f,8/14/2019 15:26,ccber_user,8/14/2019 15:26,ccber_user,-119.8757068,34.4198531
112,8/14/2019,8:27,Cinnamon Teal,Spatula cyanoptera,1,No,Air,,,,,"EAST: Mark, Lisa, Steven",,,,,,,,,,,,,,,,c052ba86-2a96-41d5-8b00-92779c8549ed,8/14/2019 15:27,ccber_user,8/14/2019 15:27,ccber_user,-119.8768465,34.42004341
113,8/14/2019,8:29,Canada Goose,Branta canadensis,1,No,Mud,,,,,"EAST: Mark, Lisa, Steven",,,,,,,,,,,,,,,,63c91055-8740-4dd0-85ad-f4996e28d945,8/14/2019 15:29,ccber_user,8/14/2019 15:29,ccber_user,-119.8753054,34.41942764
114,8/14/2019,8:30,Scaly-breasted Munia,Lonchura punctulata,1,No,Vegetation - Tree,,,,,"EAST: Mark, Lisa, Steven",,,,,,,,,,,,,,,,42234e04-e8d7-463e-87d4-1bc50ebdc060,8/14/2019 15:30,ccber_user,8/14/2019 15:30,ccber_user,-119.8764391,34.42073145
115,8/14/2019,8:31,Cinnamon Teal,Spatula cyanoptera,1,Yes,Water - Floating,,,,,"EAST: Mark, Lisa, Steven",,,,,,,,,,,,,,,,d73ae34b-ce37-4213-89ae-b002c94bc081,8/14/2019 15:31,ccber_user,8/14/2019 15:34,ccber_user,-119.8768197,34.41979621
116,8/14/2019,8:34,Gadwall,Mareca strepera,14,No,Water - Floating,,,,,"EAST: Mark, Lisa, Steven",,,,,,,,,,,,,,,,c82530eb-9cc5-4d6b-bceb-36534ee69ef8,8/14/2019 15:34,ccber_user,8/14/2019 15:34,ccber_user,-119.8769276,34.41995236
117,8/14/2019,8:35,Killdeer,Charadrius vociferus,2,Yes,,,,Changed repeat observation to Yes after post-survey review.,,"EAST: Mark, Lisa, Steven",,,,,,,,,,,,,,,,419aa600-fdb3-439f-8dad-6f1d19e81604,8/14/2019 15:35,ccber_user,8/14/2019 15:35,ccber_user,-119.8777622,34.42046784
118,8/14/2019,8:35,Great Blue Heron,Ardea herodias,1,No,Mud,,,,,"EAST: Mark, Lisa, Steven",,,,,,,,,,,,,,,,2fa324cb-5f8d-402a-9e80-911c327cb74a,8/14/2019 15:35,ccber_user,8/14/2019 15:35,ccber_user,-119.8788552,34.4210001
119,8/14/2019,8:35,Snowy Egret,Egretta thula,2,Yes,Mud,,,,,"EAST: Mark, Lisa, Steven",,,,,,,,,,,,,,,,c16af6ac-43ca-4945-87a6-6f32f9958c0c,8/14/2019 15:35,ccber_user,8/14/2019 15:35,ccber_user,-119.8788756,34.42088089
120,8/14/2019,8:37,Mallard,Anas platyrhynchos,20,No,Water - Floating,,,,,"EAST: Mark, Lisa, Steven",,,,,,,,,,,,,,,,494ebea3-09b4-423f-9996-a854f6ebda7c,8/14/2019 15:37,ccber_user,8/14/2019 15:37,ccber_user,-119.8776807,34.42066429
121,8/14/2019,8:39,Mallard,Anas platyrhynchos,40,No,Water - Wading,,,,,"EAST: Mark, Lisa, Steven",,,,,,,,,,,,,,,,8797726a-ca25-476a-8fc8-9bc96b6ba66e,8/14/2019 15:39,ccber_user,8/14/2019 15:39,ccber_user,-119.8789672,34.4211126
122,8/14/2019,8:39,Greater Yellowlegs,Tringa melanoleuca,1,No,Water - Wading,,,,,"EAST: Mark, Lisa, Steven",,,,,,,,,,,,,,,,397e3b02-d2ae-481b-bc15-b66648e4477f,8/14/2019 15:39,ccber_user,8/14/2019 15:39,ccber_user,-119.8784949,34.42063239
123,8/14/2019,8:41,Long-billed Curlew,Numenius americanus,1,No,Mud,,,,,"EAST: Mark, Lisa, Steven",,,,,,,,,,,,,,,,b033a335-3a8a-4ba4-8a91-0dcb46b694d0,8/14/2019 15:41,ccber_user,8/14/2019 15:41,ccber_user,-119.8774609,34.4203822
124,8/14/2019,8:43,Red-necked Phalarope,Phalaropus lobatus,1,Yes,Mud,,,,,"EAST: Mark, Lisa, Steven",,,,,,,,,,,,,,,,dcb51579-8294-439c-88dd-6aeb3be10aa5,8/14/2019 15:43,ccber_user,8/14/2019 15:43,ccber_user,-119.8781591,34.42098667
125,8/14/2019,8:45,Greater Yellowlegs,Tringa melanoleuca,1,No,Mud,,,,,"EAST: Mark, Lisa, Steven",,,,,,,,,,,,,,,,b7ce112e-12d3-4fed-92cc-dfd109f2e9dc,8/14/2019 15:45,ccber_user,8/14/2019 15:45,ccber_user,-119.8791992,34.42090608
126,8/14/2019,8:46,Common Yellowthroat,Geothlypis trichas,1,No,Vegetation - Shrub,,,,,"EAST: Mark, Lisa, Steven",,,,,,,,,,,,,,,,d1a11e48-419d-4371-b6e7-6cfdbde15609,8/14/2019 15:46,ccber_user,8/14/2019 15:46,ccber_user,-119.877522,34.4212973
127,8/14/2019,8:47,Cassin's Kingbird,Tyrannus vociferans,1,No,Vegetation - Shrub,,,,,"EAST: Mark, Lisa, Steven",,,,,,,,,,,,,,,,1bfd06da-b5ea-4d58-ad3c-d555a349d4b7,8/14/2019 15:47,ccber_user,8/14/2019 15:47,ccber_user,-119.8776299,34.42140476
128,8/14/2019,8:47,House Finch,Haemorhous mexicanus,3,No,Vegetation - Shrub,,,,,"EAST: Mark, Lisa, Steven",,,,,,,,,,,,,,,,2e18244a-4056-49e7-bb5d-92ac0513ad3f,8/14/2019 15:47,ccber_user,8/14/2019 15:47,ccber_user,-119.8773795,34.42133592
129,8/14/2019,8:47,Song Sparrow,Melospiza melodia,4,No,Vegetation - Shrub,,Feeding/Begging,,,"EAST: Mark, Lisa, Steven",,,,,,,,,,,,,,,,c564b132-be43-4622-9a28-5af516621816,8/14/2019 15:47,ccber_user,8/14/2019 16:04,ccber_user,-119.8779067,34.42122689
130,8/14/2019,8:50,House Sparrow,Passer domesticus,1,No,Fence,,,,,"EAST: Mark, Lisa, Steven",,,,,,,,,,,,,,,,34403481-554a-467e-b18a-066c3c7674b9,8/14/2019 15:50,ccber_user,8/14/2019 15:50,ccber_user,-119.8780207,34.42129741
131,8/14/2019,8:50,Black Phoebe,Sayornis nigricans,1,No,Mud,,,,,"EAST: Mark, Lisa, Steven",,,,,,,,,,,,,,,,c6a60a39-508a-469e-a846-f6b04d6144f3,8/14/2019 15:50,ccber_user,8/14/2019 15:50,ccber_user,-119.8782955,34.42107242
132,8/14/2019,8:51,Savannah Sparrow (Belding's),Passerculus sandwichensis beldingi,4,No,Bare ground,,,,,"EAST: Mark, Lisa, Steven",,,,,,,,,,,,,,,,b66eee8d-a287-43cc-a247-4197dd195d38,8/14/2019 15:51,ccber_user,8/14/2019 15:52,ccber_user,-119.8780186,34.42115805
133,8/14/2019,8:54,Downy Woodpecker,Dryobates pubescens,1,No,Vegetation - Tree,,,,,"EAST: Mark, Lisa, Steven",,,,,,,,,,,,,,,,862fe53b-4e7b-4635-9f9b-44a3dddaf394,8/14/2019 15:54,ccber_user,8/14/2019 15:54,ccber_user,-119.8775281,34.421467
134,8/14/2019,8:58,Cooper's Hawk,Accipiter cooperii,1,Yes,Fence,,,Changed repeat observation to Yes after post-survey review.,,"EAST: Mark, Lisa, Steven",,,,,,,,,,,,,,,,1e5820fb-4e26-4b10-90f3-6701d9c6442a,8/14/2019 15:58,ccber_user,8/14/2019 15:58,ccber_user,-119.8775743,34.42018782
135,8/14/2019,8:59,Killdeer,Charadrius vociferus,15,No,Air,,,,,"EAST: Mark, Lisa, Steven",,,,,,,,,,,,,,,,3918e6ea-aa34-435b-9825-8b17b25ac087,8/14/2019 15:59,ccber_user,8/14/2019 15:59,ccber_user,-119.878802,34.42064817
136,8/14/2019,9:01,Common Yellowthroat,Geothlypis trichas,1,No,Vegetation - Herbaceous,,,,,"EAST: Mark, Lisa, Steven",,,,,,,,,,,,,,,,a08c86c4-e718-4e99-bda2-870b75c77559,8/14/2019 16:01,ccber_user,8/14/2019 16:01,ccber_user,-119.8781064,34.42153675
137,8/14/2019,9:02,Green Heron,Butorides virescens,1,No,Vegetation - Tree,,,,,"EAST: Mark, Lisa, Steven",,,,,,,,,,,,,,,,1785fc34-9b66-4196-af6c-500191a564dd,8/14/2019 16:02,ccber_user,8/14/2019 16:02,ccber_user,-119.8788851,34.42155602
138,8/14/2019,9:03,Wrentit,Chamaea fasciata,1,No,Vegetation - Tree,,,,,"EAST: Mark, Lisa, Steven",,,,,,,,,,,,,,,,c67ee5f7-5a20-481e-bc58-59638372c044,8/14/2019 16:03,ccber_user,8/14/2019 16:03,ccber_user,-119.8786755,34.42205171
139,8/14/2019,9:07,Rock Pigeon (Feral Pigeon),Columba livia (Feral Pigeon),2,No,Air,,,,,"EAST: Mark, Lisa, Steven",,,,,,,,,,,,,,,,83de2cb5-138e-480f-800d-6e8e8529cbbc,8/14/2019 16:07,ccber_user,8/14/2019 16:07,ccber_user,-119.8786392,34.42164559
140,8/14/2019,9:10,House Finch,Haemorhous mexicanus,2,No,Vegetation - Herbaceous,,,,,"EAST: Mark, Lisa, Steven",,,,,,,,,,,,,,,,948cd020-911e-48fb-b9a3-8c3ca3601ff6,8/14/2019 16:10,ccber_user,8/14/2019 16:10,ccber_user,-119.8794386,34.42129016
141,8/14/2019,9:13,Cliff Swallow,Petrochelidon pyrrhonota,4,No,Air,,,,,"EAST: Mark, Lisa, Steven",,,,,,,,,,,,,,,,25ed0b0b-0050-49e0-b8e1-5fb86c4d3f0e,8/14/2019 16:13,ccber_user,8/14/2019 16:13,ccber_user,-119.8797553,34.42136938
142,8/14/2019,9:13,Song Sparrow,Melospiza melodia,4,No,Vegetation - Shrub,,,,,"EAST: Mark, Lisa, Steven",,,,,,,,,,,,,,,,bec33e2f-e1fa-43db-adde-b7761259579b,8/14/2019 16:13,ccber_user,8/14/2019 16:13,ccber_user,-119.8796489,34.42132656
143,8/14/2019,9:14,Barn Swallow,Hirundo rustica,2,No,Air,,,,,"EAST: Mark, Lisa, Steven",,,,,,,,,,,,,,,,6a836028-4d20-42fd-90b2-1703a3de80f5,8/14/2019 16:14,ccber_user,8/14/2019 16:14,ccber_user,-119.8792647,34.4212923
144,8/14/2019,9:15,Anna's Hummingbird,Calypte anna,2,No,Building,,,,,"EAST: Mark, Lisa, Steven",,,,,,,,,,,,,,,,e623529b-7110-44be-8034-1433204a5c8c,8/14/2019 16:15,ccber_user,8/14/2019 16:15,ccber_user,-119.8794101,34.42173552
145,8/14/2019,9:18,Hooded Oriole,Icterus cucullatus,1,No,Vegetation - Tree,,,,,"EAST: Mark, Lisa, Steven",,,,,,,,,,,,,,,,922365c7-caf4-4ac6-9e39-31d761bce63d,8/14/2019 16:18,ccber_user,8/14/2019 16:18,ccber_user,-119.8806923,34.42205026
146,8/14/2019,9:19,Mourning Dove,Zenaida macroura,1,No,Vegetation - Tree,,,,,"EAST: Mark, Lisa, Steven",,,,,,,,,,,,,,,,126be653-f26c-42ac-aefe-5a336f465e30,8/14/2019 16:19,ccber_user,8/14/2019 16:19,ccber_user,-119.8808221,34.42212949
147,8/14/2019,9:20,Cooper's Hawk,Accipiter cooperii,1,Yes,Other,,,On light pole. Changed repeat observation to Yes after post-survey review.,,"EAST: Mark, Lisa, Steven",,,,,,,,,,,,,,,,5bcb7712-f6c5-4c08-9f27-3a4ba6e9c49c,8/14/2019 16:20,ccber_user,8/14/2019 16:20,ccber_user,-119.8812062,34.42244851
148,8/14/2019,9:21,Black Phoebe,Sayornis nigricans,1,No,Fence,,,,,"EAST: Mark, Lisa, Steven",,,,,,,,,,,,,,,,35195c41-1061-4a47-a920-f090ce1f2446,8/14/2019 16:21,ccber_user,8/14/2019 16:21,ccber_user,-119.8818084,34.42135868
149,8/14/2019,9:51,Least Sandpiper,Calidris minutilla,1,No,Mud,,,,,"EAST: Mark, Lisa, Steven",,955,,,,,,,68,100,Low,,,,,a55487f5-cbd4-4063-bb13-8dfdc39adb05,8/14/2019 16:51,ccber_user,8/14/2019 16:51,ccber_user,-119.8742397,34.42074449
150,8/14/2019,9:52,Western Gull,Larus occidentalis,1,No,Air,,,,,"EAST: Mark, Lisa, Steven",,,,,,,,,,,,,,,,9a90f737-a8a0-4106-85e0-cfad4ff25dcf,8/14/2019 16:52,ccber_user,8/14/2019 16:52,ccber_user,-119.8742197,34.42088843
151,8/14/2019,9:53,Western Sandpiper,Calidris mauri,2,No,Mud,,,,,"EAST: Mark, Lisa, Steven",,,,,,,,,,,,,,,,9a2eac95-2eb8-4b43-8645-282ff20d4f1e,8/14/2019 16:53,ccber_user,8/14/2019 16:53,ccber_user,-119.8749024,34.42102118
152,8/14/2019,9:54,Least Sandpiper,Calidris minutilla,9,No,,,,,,"EAST: Mark, Lisa, Steven",,,,,,,,,,,,,,,,7216278f-a5e0-4cad-943f-ca32b7af307e,8/14/2019 16:54,ccber_user,8/14/2019 16:54,ccber_user,-119.8762469,34.41918619
153,8/14/2019,9:56,Ash-throated Flycatcher,Myiarchus cinerascens,1,No,Fence,,,,,"EAST: Mark, Lisa, Steven",,,,,,,,,,,,,,,,3e0222a8-0081-42eb-86c9-11361d7d6000,8/14/2019 16:56,ccber_user,8/14/2019 16:56,ccber_user,-119.8743839,34.41979241
