species,category_x,e_bird_group,total_count,number_years,sort_v2025,species_code,taxon_concept_id,clements_v2025_change,text_for_website_v2025,category_y,scientific_name,authority,name_and_authority,range,order,family,extinct,extinct_year,sort_v2024
Snowy Egret,species,"Herons, Ibis, and Allies",392,8,7645,snoegr,avibase-AA7901D8,NA,NA,species,Egretta thula,"(Molina, 1782)","Egretta thula (Molina, 1782)",locally from USA to central Argentina and West Indies,Pelecaniformes,"Ardeidae (Herons, Egrets, and Bitterns)",NA,NA,7557
California Towhee,species,New World Sparrows,683,8,33350,caltow,avibase-B745D852,NA,NA,species,Melozone crissalis,"(Vigors, 1839)","Melozone crissalis (Vigors, 1839)",south-central Oregon through western and central California to southern Baja California,Passeriformes,Passerellidae (New World Sparrows),NA,NA,33068
Anna's Hummingbird,species,Hummingbirds,929,8,4814,annhum,avibase-42393721,NA,NA,species,Calypte anna,"(Lesson, 1829)","Calypte anna (Lesson, 1829)",breeds southwestern Alaska to northwestern Baja California (northwestern Mexico); winters to northern Mexico,Apodiformes,Trochilidae (Hummingbirds),NA,NA,4758
Song Sparrow,species,New World Sparrows,1989,8,33277,sonspa,avibase-A5F09E05,NA,NA,species,Melospiza melodia,"(Wilson, 1810)","Melospiza melodia (Wilson, 1810)","breeds in varied woodland, shrubby, and wetland habitats from Pacific coast of southern Alaska (including the Aleutian Islands) eastwards to Newfoundland (northeastern Canada), southwards in southwestern USA to central Baja California and northern Sonora (northwestern Mexico), locally in western Mexico and in the volcanic belt of central Mexico, and in eastern USA southwards to northern Georgia and western South Carolina; largely resident, but some wintering to northeastern Mexico",Passeriformes,Passerellidae (New World Sparrows),NA,NA,32995
Oak Titmouse,species,"Tits, Chickadees, and Titmice",59,7,22150,oaktit,avibase-715D4DDE,NA,NA,species,Baeolophus inornatus,"(Gambel, 1845)","Baeolophus inornatus (Gambel, 1845)","oak woodland from lowlands to mountains of southern Oregon through California to northern, and disjunctly, far southern Baja California (northwestern Mexico)",Passeriformes,"Paridae (Tits, Chickadees, and Titmice)",NA,NA,21926
Say's Phoebe,species,"Tyrant Flycatchers: Pewees, Kingbirds, and Allies",397,8,17010,saypho,avibase-28669A3D,NA,NA,species,Sayornis saya,"(Bonaparte, 1825)","Sayornis saya (Bonaparte, 1825)",breeds in dry open country from lowlands to mountains of western North America from northern Alaska and northwestern Canada southward through central Baja California and central plateau of Mexico; non-breeders withdraw mainly to southwestern USA and south-central Mexico,Passeriformes,Tyrannidae (Tyrant Flycatchers),NA,NA,16843
Acorn Woodpecker,species,Woodpeckers,23,6,11146,acowoo,avibase-7E327303,NA,NA,species,Melanerpes formicivorus,"(Swainson, 1827)","Melanerpes formicivorus (Swainson, 1827)","oak and pine-oak forest from western Oregon, USA (occasionally northward to Washington and British Columbia, southwestern Canada), southward across California to northern Baja California Norte (and isolated in southern Baja California Peninsula), in Mexico; in mountainous regions of Arizona, New Mexico and southern Texas southward along the Sierra Madre Oriental and Occidental southeastward across montane regions of Central America, including Belize and northern El Salvador, eastward to western Panama; in South America only the Andes of Colombia southward to northern Nariño and Putumayo",Piciformes,Picidae (Woodpeckers),NA,NA,11036
House Finch,species,"Finches, Euphonias, and Allies",2429,8,32310,houfin,avibase-89431E9F,NA,NA,species,Haemorhous mexicanus,"(Müller, 1776)","Haemorhous mexicanus (Müller, 1776)","desert scrub, cacti, and grassland, and varied woodland and anthropogenic habitats from southern British Columbia eastwards to Nova Scotia (southwestern to southeastern Canada) southwards in western USA through Mexico to northern Oaxaca and Veracruz, including Baja California and Isla Guadalupe; introduced to Hawaii, and to northeastern USA from whence has spread to southeastern Canada to Florida",Passeriformes,"Fringillidae (Finches, Euphonias, and Allies)",NA,NA,32034
California Scrub-Jay,species,"Jays, Magpies, Crows, and Ravens",20,6,21303,cowscj1,avibase-151C2B3F,NA,NA,species,Aphelocoma californica,"(Vigors, 1839)","Aphelocoma californica (Vigors, 1839)","mostly shrubland, chaparral, and oak-pine woodland from far southwestern British Columbia (southwestern Canada) along Pacific coast and interior Washington and Oregon, southwards to southern Baja California",Passeriformes,"Corvidae (Crows, Jays, and Magpies)",NA,NA,21075
Nuttall's Woodpecker,species,Woodpeckers,30,7,11410,nutwoo,avibase-FA087E52,NA,NA,species,Dryobates nuttallii,"(Gambel, 1843)","Dryobates nuttallii (Gambel, 1843)",chaparral and oak woodland of northern California to northwestern Baja,Piciformes,Picidae (Woodpeckers),NA,NA,11297
Loggerhead Shrike,species,Shrikes,48,8,21091,logshr,avibase-36171C2B,NA,NA,species,Lanius ludovicianus,"Linnaeus, 1766","Lanius ludovicianus Linnaeus, 1766","breeds in varied open habitats with bushy vegetation from eastern Washington and Alberta eastwards to southwestern Manitoba (south-central Canada), southwards to southern Baja California and Oaxaca (western Mexico), including islands off southern California, and locally in southeastern USA to the Gulf coast and southern Florida; populations from southern USA southwards are resident, and reaches southeastern Mexico in winter; formerly much more widespread in eastern North America",Passeriformes,Laniidae (Shrikes),NA,NA,20860
Cliff Swallow,species,Martins and Swallows,3744,8,24281,cliswa,avibase-F5C181CA,NA,NA,species,Petrochelidon pyrrhonota,"(Vieillot, 1817)","Petrochelidon pyrrhonota (Vieillot, 1817)","breeds in canyons, embankments, cliffs, and urban areas, especially on bridges, from western and central Alaska eastwards to Nova Scotia (southeastern Canada), southwards to northern Baja California, central Oaxaca (northwestern and southern Mexico), and east-central USA, with scattered colonies on Atlantic and Gulf coasts of USA, and in east-central Argentina; winters from eastern Paraguay and southern Brazil (Mato Grosso do Sul eastward to Minas Gerais) southwards to central Argentina (Buenos Aires)",Passeriformes,Hirundinidae (Swallows),NA,NA,24051
Common Yellowthroat,species,Wood-Warblers,738,8,34028,comyel,avibase-BA4C8A02,NA,NA,species,Geothlypis trichas,"(Linnaeus, 1766)","Geothlypis trichas (Linnaeus, 1766)","breeds thickets mainly in wetlands and prairies from far southern Alaska to eastern Canada and southwards across most of the USA to northern Baja California and south-central Mexico; resident in southern USA; winters in southeastern Texas through Mexico, including southern Baja California, southwards to central Panama, and in the Bahamas and Greater Antilles",Passeriformes,Parulidae (New World Warblers),NA,NA,33749
Wrentit,species,"Parrotbills, Wrentit, and Allies",42,7,25431,wrenti,avibase-989B57D8,NA,NA,species,Chamaea fasciata,"(Gambel, 1845)","Chamaea fasciata (Gambel, 1845)","coastal sage scrub, chaparral, and dense shrubbery on Pacific coast and adjacent interior from far northwestern Oregon (northwestern USA) southwards to northern Baja California (northwestern Mexico)",Passeriformes,Paradoxornithidae (Parrotbills),NA,NA,25194
Mallard,species,Waterfowl,2601,8,545,mallar3,avibase-85625D75,NA,NA,species,Anas platyrhynchos,"Linnaeus, 1758","Anas platyrhynchos Linnaeus, 1758",breeds Holarctic; winters to southern USA and southern Asia,Anseriformes,"Anatidae (Ducks, Geese, and Waterfowl)",NA,NA,525
Least Sandpiper,species,Shorebirds,957,8,6226,leasan,avibase-A47B0BD4,range,"range changed from ""breeds northern North America; winters to southern South America and Hawaiian Islands"" to ""breeds tundra and taiga wetlands from eastern Aleutian Is through Alaska and Canada eastward to Labrador and Nova Scotia; winters mudflats and wetlands from southeastern USA, Caribbean, and Mexico southward to northern South America"".",species,Calidris minutilla,"(Vieillot, 1819)","Calidris minutilla (Vieillot, 1819)","breeds tundra and taiga wetlands from eastern Aleutian Is through Alaska and Canada eastward to Labrador and Nova Scotia; winters mudflats and wetlands from southeastern USA, Caribbean, and Mexico southward to northern South America",Charadriiformes,Scolopacidae (Sandpipers and Allies),NA,NA,6162
Rock Pigeon,domestic,Pigeons and Doves,1478,8,1853,rocpig,avibase-BBA263C2,NA,NA,species,Columba livia,"Gmelin, 1789","Columba livia Gmelin, 1789","native populations existed from lowland to montane open rocky habitats, from sea-cliffs to open steppe, desert canyons, and rocky crags, from the Faroe and Shetland islands (Britain) and Scandinavia eastward to Mongolia, and southward to Madeira, Azores, Cape Verde, and Canary Islands, Ghana, Sudan, Arabian Peninsula, India, and eastern Himalayas; native limits unclear due to presence of feral pigeons. Wild native populations now absent from Faroes, Shetland, Norway, and Europe except southwestern Portugal and coastal Sardinia (France). Feral populations introduced globally, especially in cities and towns, on all continents (except Antarctica), and on many oceanic islands. Feral and domestic pigeons cloud extent of native populations, owing to extensive interbreeding.",Columbiformes,Columbidae (Pigeons and Doves),NA,NA,1817
Scaly-breasted Munia,species,Estrildids,1105,8,31076,nutman,avibase-6D4F72B1,NA,NA,species,Lonchura punctulata,"(Linnaeus, 1758)","Lonchura punctulata (Linnaeus, 1758)","northern Pakistan southward to Sri Lanka, southern China including Hainan, Taiwan, Malay Peninsula, Indonesian archipelago except most of Borneo, and Philippines",Passeriformes,Estrildidae (Waxbills and Allies),NA,NA,30801
Black Phoebe,species,"Tyrant Flycatchers: Pewees, Kingbirds, and Allies",724,8,16998,blkpho,avibase-B182DED2,NA,NA,species,Sayornis nigricans,"(Swainson, 1827)","Sayornis nigricans (Swainson, 1827)",southwestern Oregon and southwestern USA south through mountains of South America to northwestern Argentina,Passeriformes,Tyrannidae (Tyrant Flycatchers),NA,NA,16831
Cassin's Kingbird,species,"Tyrant Flycatchers: Pewees, Kingbirds, and Allies",284,8,17461,caskin,avibase-178B8955,NA,NA,species,Tyrannus vociferans,"Swainson, 1826","Tyrannus vociferans Swainson, 1826","breeds varied woodland types of hills and mountains from central California southward through north-central Baja California, and eastern Montana and western Nebraska southward through Oaxaca (southeastern Mexico); non-breeders range mostly in Mexico to eastern Chiapas",Passeriformes,Tyrannidae (Tyrant Flycatchers),NA,NA,17292
Northern House Wren,species,Wrens,130,8,27191,houwre,avibase-A4F5C5C8,NA,NA,species,Troglodytes aedon,"Vieillot, 1809","Troglodytes aedon Vieillot, 1809",breeds southern Canada through USA (except most southern states) to northern and south-central Mexico; winters to south-central Mexico,Passeriformes,Troglodytidae (Wrens),NA,NA,26942
Red-tailed Hawk,species,"Vultures, Hawks, and Allies",139,8,8506,rethaw,avibase-536A5157,NA,NA,species,Buteo jamaicensis,"(Gmelin, 1788)","Buteo jamaicensis (Gmelin, 1788)","Alaska and subarctic Canada through USA, Greater Antilles, and northern Lesser Antilles to western Panama; northern populations winter to south",Accipitriformes,"Accipitridae (Hawks, Eagles, and Kites)",NA,NA,8410
California Quail,species,"Grouse, Quail, and Allies",3,2,1094,calqua,avibase-F93AC929,NA,NA,species,Callipepla californica,"(Shaw, 1798)","Callipepla californica (Shaw, 1798)",Oregon to southern Baja California (western USA to northwestern Mexico),Galliformes,Odontophoridae (New World Quail),NA,NA,1064
Western Gull,species,"Gulls, Terns, and Skimmers",434,8,6528,wesgul,avibase-575A3E3B,NA,NA,species,Larus occidentalis,"Audubon, 1839","Larus occidentalis Audubon, 1839",breeds on islands of western North Pacific coast from northwestern Washington to Isla Guadelupe and central Baja California (northwestern Mexico); some winter to southern British Columbia and southern Baja California,Charadriiformes,"Laridae (Gulls, Terns, and Skimmers)",NA,NA,6461
Bushtit,species,Penduline-Tits and Long-tailed Tits,1362,8,25253,bushti,avibase-AE37ED4D,NA,NA,species,Psaltriparus minimus,"(Townsend, 1837)","Psaltriparus minimus (Townsend, 1837)","disjunctly in varied habitats including mixed woodland, second growth, arid scrub, and coastal chaparral from southwestern British Columbia (southwestern Canada) southwards to northern Baja California, and isolated in the southern tip of Baja California (northwestern Mexico), mountains of Mexico southwards to southern Guatemala, and eastwards to southeastern Colorado and central Texas",Passeriformes,Aegithalidae (Long-tailed Tits),NA,NA,25018
House Sparrow,species,Old World Sparrows,401,8,31534,houspa,avibase-240E3390,NA,NA,species,Passer domesticus,"(Linnaeus, 1758)","Passer domesticus (Linnaeus, 1758)","native range extends from British Isles and Scandinavia to northern Africa, eastward through southeastern Siberia and western southeast Asia",Passeriformes,Passeridae (Old World Sparrows),NA,NA,31261
Great Egret,species,"Herons, Ibis, and Allies",294,8,7729,greegr,avibase-49D9148A,NA,NA,species,Ardea alba,"Linnaeus, 1758","Ardea alba Linnaeus, 1758","central Europe to central Asia (southward to Iran), sub-Saharan Africa and Madagascar, southern Asia from Pakistan eastward in sub-Himalayan region to southeastern Russia and Japan, southward to Indonesia, Australia (including Tasmania but not western deserts), and New Zealand (very local), and southern Canada to Tierra del Fuego and West Indies",Pelecaniformes,"Ardeidae (Herons, Egrets, and Bitterns)",NA,NA,7635
Killdeer,species,Shorebirds,2429,8,5827,killde,avibase-BCF9A19A,NA,NA,species,Charadrius vociferus,"Linnaeus, 1758","Charadrius vociferus Linnaeus, 1758","breeds inland subarctic North America to central Mexico, Caribbean; locally coastal southwestern Central America, and coastal Ecuador to far northwestern Chile; winters to northern South America",Charadriiformes,Charadriidae (Plovers and Lapwings),NA,NA,5770
Semipalmated Plover,species,Shorebirds,806,8,5834,semplo,avibase-95E28A57,range,"range changed from ""breeds northern North America; winters to southern South America and Hawaiian Islands"" to ""breeds inland high Arctic from Chukotskiy Peninsula (northeastern Russia) eastward through Aleutian Islands and across Canada to Newfoundland and Nova Scotia (southeastern Canada); winters coastally from Oregon and New Jersey southward to northern Chile and northern Argentina; also West Indies and Galápagos"".",species,Charadrius semipalmatus,"Bonaparte, 1825","Charadrius semipalmatus Bonaparte, 1825",breeds inland high Arctic from Chukotskiy Peninsula (northeastern Russia) eastward through Aleutian Islands and across Canada to Newfoundland and Nova Scotia (southeastern Canada); winters coastally from Oregon and New Jersey southward to northern Chile and northern Argentina; also West Indies and Galápagos,Charadriiformes,Charadriidae (Plovers and Lapwings),NA,NA,5777
Barn Swallow,species,Martins and Swallows,82,8,24187,barswa,avibase-58C502EA,NA,NA,species,Hirundo rustica,"Linnaeus, 1758","Hirundo rustica Linnaeus, 1758","Holarctic, breeding from British Isles and southern Scandinavia to North Africa, eastward to northeastern Siberia and Japan, southward to Himalayas, and southern Alaska and Canada to central Mexico, and disjunctly central Argentina; most populations winter in Southern Hemisphere",Passeriformes,Hirundinidae (Swallows),NA,NA,23957
Lesser Goldfinch,species,"Finches, Euphonias, and Allies",556,8,32609,lesgol,avibase-CD5C21CA,NA,NA,species,Spinus psaltria,"(Say, 1822)","Spinus psaltria (Say, 1822)","varied woodland, scrub, and forest-edge habitats and agricultural fields from western USA, from central Washington to southern Wyoming and southwards to southern Texas, Baja California, and through mountains of Mexico to northern Nicaragua, also in Yucatan Peninsula, southwestern Costa Rica and Panama, Sierra de Perijá, Sierra Nevada de Santa Marta, central Venezuela, and the Andes from western Venezuela southwards along the Andes of Colombia to northern Ecuador and from southern Ecuador to north-central Peru (to Ancash)",Passeriformes,"Fringillidae (Finches, Euphonias, and Allies)",NA,NA,32330
Red-shouldered Hawk,species,"Vultures, Hawks, and Allies",99,8,8487,reshaw,avibase-EA4D6C0B,NA,NA,species,Buteo lineatus,"(Gmelin, 1788)","Buteo lineatus (Gmelin, 1788)","bottomland hardwood, riparian woodland, deciduous swamp forest, and mixed deciduous-coniferous forest from southeasternmost Canada, in southern Quebec, western Ontario, and New Brunswick, southward through eastern US to southern Florida and the Gulf of Mexico coast, westward to central Minnesota, eastern Kansas, Oklahoma, and Texas, and as non-breeder southward to north-central Mexico; also in the western US from southernmost Oregon southward to central Baja California",Accipitriformes,"Accipitridae (Hawks, Eagles, and Kites)",NA,NA,8391
Red-winged Blackbird,species,Blackbirds,566,8,33779,rewbla,avibase-C86D078E,NA,NA,species,Agelaius phoeniceus,"(Linnaeus, 1766)","Agelaius phoeniceus (Linnaeus, 1766)","various freshwater and salt marshes, including meadows and cultivated fields from southern Alaska and Yukon eastwards to Labrador (northwestern to eastern Canada), and to southern Florida, northern Bahamas, northern Baja California, and soutward across Mexico to coastal Yucatan Peninsula and locally in Central America to northwestern Costa Rica; largely resident, with winter wandering",Passeriformes,Icteridae (Troupials and Allies),NA,NA,33500
Bewick's Wren,species,Wrens,159,8,27362,bewwre,avibase-603194D3,NA,NA,species,Thryomanes bewickii,"(Audubon, 1827)","Thryomanes bewickii (Audubon, 1827)","disjunctly in bushy and scrubby areas, thickets, riparian woodland, and chaparral of far southwestern British Colombia (southwestern Canada) along Pacific coast southwards to southern Baja California, and in interior USA from southern Wyoming to central Missouri southwards through Arizona and eastern Texas to central Oaxaca; very local and declining breeder in eastern USA to Tennessee (formerly more widespread); extinct on San Clemente and Guadalupe islands",Passeriformes,Troglodytidae (Wrens),NA,NA,27121
Black-crowned Night Heron,species,"Herons, Ibis, and Allies",205,8,7600,bcnher,avibase-6BB94D7E,NA,NA,species,Nycticorax nycticorax,"(Linnaeus, 1758)","Nycticorax nycticorax (Linnaeus, 1758)","Eurasia southward to Indonesia, and Africa and Madagascar; southern Canada to Tierra del Fuego and Falkland Islands",Pelecaniformes,"Ardeidae (Herons, Egrets, and Bitterns)",NA,NA,7513
Downy Woodpecker,species,Woodpeckers,37,8,11400,dowwoo,avibase-1B2A6386,NA,NA,species,Dryobates pubescens,"(Linnaeus, 1766)","Dryobates pubescens (Linnaeus, 1766)","mostly deciduous woodland in North America from western Alaska southward across Canada and the US southward to northern Baja California Norte, in Mexico, southern Texas and southern Florida, and eastward across Canada to the provinces of Newfoundland and Nova Scotia",Piciformes,Picidae (Woodpeckers),NA,NA,11287
Mourning Dove,species,Pigeons and Doves,291,8,2412,moudov,avibase-00124D98,NA,NA,species,Zenaida macroura,"(Linnaeus, 1758)","Zenaida macroura (Linnaeus, 1758)",southern Canada through the USA and Greater Antilles southward to western Panama,Columbiformes,Columbidae (Pigeons and Doves),NA,NA,2373
American Crow,species,"Jays, Magpies, Crows, and Ravens",1586,8,21557,amecro,avibase-69544B59,NA,NA,species,Corvus brachyrhynchos,"Brehm, 1822","Corvus brachyrhynchos Brehm, 1822","varied habitats from forest and woodland to open fields and cities from southern coastal Alaska, and southern Northwest Territories eastwards to southern Labrador (northwestern to northeastern Canada) southwards to far northern Baja California, southern Texas, and southern Florida; introduced Bermuda",Passeriformes,"Corvidae (Crows, Jays, and Magpies)",NA,NA,21333
Allen's Hummingbird,species,Hummingbirds,112,8,4831,allhum,avibase-C25794D5,NA,NA,species,Selasphorus sasin,"(Lesson, 1829)","Selasphorus sasin (Lesson, 1829)",southern Oregon to southern California including the Channel Islands; winters to central Mexico,Apodiformes,Trochilidae (Hummingbirds),NA,NA,4774
Turkey Vulture,species,"Vultures, Hawks, and Allies",158,8,7815,turvul,avibase-36B3872D,NA,NA,species,Cathartes aura,"(Linnaeus, 1758)","Cathartes aura (Linnaeus, 1758)",breeds southern Canada through Greeater Antilles and South America to Tierra del Fuego and Falkland Islands,Cathartiformes,Cathartidae (New World Vultures),NA,NA,7720
Cooper's Hawk,species,"Vultures, Hawks, and Allies",123,8,8278,coohaw,avibase-EB98812F,NA,NA,species,Astur cooperii,"(Bonaparte, 1828)","Astur cooperii (Bonaparte, 1828)",woodland of southern Canada and USA; winters to Central America,Accipitriformes,"Accipitridae (Hawks, Eagles, and Kites)",NA,NA,8183
Western Sandpiper,species,Shorebirds,591,8,6231,wessan,avibase-01060BFD,range,"range changed from ""breeds Siberia and Alaska; winters to northern South America"" to ""breeds Chukotskiy Peninsula and Anadyr (northeastern Siberia; few), St. Lawrence Island (Bering Sea), and western and northern Alaska mainland; winters coastal Washington to Peru and Galapagos, southeastern Canada to Caribbean, and inland central Mexico to northern Costa Rica"".",species,Calidris mauri,"(Cabanis, 1857)","Calidris mauri (Cabanis, 1857)","breeds Chukotskiy Peninsula and Anadyr (northeastern Siberia; few), St. Lawrence Island (Bering Sea), and western and northern Alaska mainland; winters coastal Washington to Peru and Galapagos, southeastern Canada to Caribbean, and inland central Mexico to northern Costa Rica",Charadriiformes,Scolopacidae (Sandpipers and Allies),NA,NA,6167
Double-crested Cormorant,species,Cormorants and Anhingas,93,8,7424,doccor,avibase-3AC46C54,NA,NA,species,Nannopterum auritum,"(Lesson, 1831)","Nannopterum auritum (Lesson, 1831)","widespread coastal and inland temperate and subtropical North America from eastern Aleutian Islands and Gulf of St. Lawrence to southern Baja California, Yucatan Peninsula, Cuba, and Bahamas",Suliformes,Phalacrocoracidae (Cormorants and Shags),NA,NA,7342
Black-necked Stilt,species,Shorebirds,176,8,5770,bknsti,avibase-D543132B,NA,NA,species,Himantopus mexicanus,"(Müller, 1776)","Himantopus mexicanus (Müller, 1776)",coastal and inland wetlands of western to southeastern USA and Caribbean to central Argentina and southeastern Brazil; also Galapagos and Hawaiian islands,Charadriiformes,Recurvirostridae (Stilts and Avocets),NA,NA,5713
Great Blue Heron,species,"Herons, Ibis, and Allies",110,8,7753,grbher3,avibase-93694BB5,NA,NA,species,Ardea herodias,"Linnaeus, 1758","Ardea herodias Linnaeus, 1758","southeastern Alaska and southern Canada to southern Baja California and Central America, Galapagos, and islands off Venezuela",Pelecaniformes,"Ardeidae (Herons, Egrets, and Bitterns)",NA,NA,7658
Green Heron,species,"Herons, Ibis, and Allies",24,8,7704,grnher,avibase-86D45B8F,NA,NA,species,Butorides virescens,"(Linnaeus, 1758)","Butorides virescens (Linnaeus, 1758)",southwestern and southeastern Canada to Panama and the Caribbean,Pelecaniformes,"Ardeidae (Herons, Egrets, and Bitterns)",NA,NA,7611
Dark-eyed Junco,species,New World Sparrows,46,6,33124,daejun,avibase-05FF3C9B,NA,NA,species,Junco hyemalis,"(Linnaeus, 1758)","Junco hyemalis (Linnaeus, 1758)","breeds in varied (often coniferous) forest, woodland, and shrubland from northeastern Alaska eastwards to Newfoundland and Labrador (northeastern Canada) southwards to northern Baja California and New Mexico, and in northeastern USA southwards in the Appalachian mountains to northernmost Georgia; winters from south-central Canada southwards to northern Baja California and Durango (central Mexico), and in eastern USA southwards to the Gulf coast and northern Florida",Passeriformes,Passerellidae (New World Sparrows),NA,NA,32842
American Kestrel,species,Falcons and Caracaras,39,8,12028,amekes,avibase-20C2214E,NA,NA,species,Falco sparverius,"Linnaeus, 1758","Falco sparverius Linnaeus, 1758","Alaska to Newfoundland, southward through Caribbean to Chile and Argentina to Tierra del Fuego",Falconiformes,Falconidae (Falcons and Caracaras),NA,NA,11913
California Thrasher,species,"Catbirds, Mockingbirds, and Thrashers",28,7,28054,calthr,avibase-20748450,NA,NA,species,Toxostoma redivivum,"(Gambel, 1845)","Toxostoma redivivum (Gambel, 1845)",chaparral from far south-central Oregon through California to northern Baja California,Passeriformes,Mimidae (Mockingbirds and Thrashers),NA,NA,27812
Hairy Woodpecker,species,Woodpeckers,15,5,11427,haiwoo,avibase-9D06AF89,name change - sciname,"Move polytypic Dryobates villosus to Leuconotopicus, as Leuconotopicus villosus",species,Leuconotopicus villosus,"(Linnaeus, 1766)","Leuconotopicus villosus (Linnaeus, 1766)","mostly forest from central Alaska southward across North America to southern California and northern Baja California del Norte, in Mexico, to southern Arizona and New Mexico, and southward along the Sierra Madre Oriental and Occidental of Mexico southeastward across montane regions of Guatemala, Honduras, El Salvador, Nicaragua and Costa Rica to westernmost Panama; in North America eastward to Newfoundland and southward along the Atlantic Coast to southern Florida and the Bahamas",Piciformes,Picidae (Woodpeckers),NA,NA,11314
White-tailed Kite,species,"Vultures, Hawks, and Allies",42,6,7843,whtkit,avibase-CAA5E106,NA,NA,species,Elanus leucurus,"(Vieillot, 1818)","Elanus leucurus (Vieillot, 1818)","various grassland and savanna-like habitats from northwestern US southward to Baja California, from southern Texas and north-central and northwestern Mexico southeastward across most Central America to eastern Panama and in southern Florida; in northern Colombia southward to the headwaters of the Río Cauca and Río Magdalena and southward locally in the Pacific lowlands to northwest Peru and in valleys of the Andes of Ecuador; east of the Andes in northern and eastern Venezuela and northern Guianas, occasionally to Trinidad, and southward to the tepui region of southern Venezuela, adjacent Guyana and northernmost Brazil; in the llanos of western Venezuela southward to eastern Colombia and northeastern Ecuador; from northeastern Brazil southward through eastern Bolivia, Paraguay and Uruguay to south-central Argentina, also westward to southeastern Peru and spreading northward in the Amazon of Brazil; and isolated in north-central to south-central Chile",Accipitriformes,"Accipitridae (Hawks, Eagles, and Kites)",NA,NA,7748
Orange-crowned Warbler,species,Wood-Warblers,78,8,33973,orcwar,avibase-FFF61080,NA,NA,species,Leiothlypis celata,"(Say, 1822)","Leiothlypis celata (Say, 1822)",breeds in shrub and woodland from Alaska eastwards to Newfoundland (eastern Canada) and southwards through most of the western USA to northern Baja California and New Mexico; winters on Pacific coast of USA and southern USA throughout Mexico (rarer in the Yucatan Peninsula) except the far south,Passeriformes,Parulidae (New World Warblers),NA,NA,33696
Hooded Oriole,species,Blackbirds,46,8,33682,hooori,avibase-526A3692,NA,NA,species,Icterus cucullatus,"Swainson, 1827","Icterus cucullatus Swainson, 1827","breeds north-central California to southern Texas, several islands off southern California and western Mexico, and Baja California southward to Oaxaca on the Pacific slope and Yucatan Peninsula including northern Belize on the Caribbean slope",Passeriformes,Icteridae (Troupials and Allies),NA,NA,33404
Gadwall,species,Waterfowl,444,8,505,gadwal,avibase-C235A4D7,NA,NA,species,Mareca strepera,"(Linnaeus, 1758)","Mareca strepera (Linnaeus, 1758)","breeds temperate Holarctic; winters to northern Africa, southern Asia, and southern Mexico; formerly Line Islands, where extinct since c. 1874",Anseriformes,"Anatidae (Ducks, Geese, and Waterfowl)",NA,NA,487
Canada Goose,species,Waterfowl,1792,8,342,cangoo,avibase-B59E1863,NA,NA,species,Branta canadensis,"(Linnaeus, 1758)","Branta canadensis (Linnaeus, 1758)",breeds most of North America; winters mostly USA,Anseriformes,"Anatidae (Ducks, Geese, and Waterfowl)",NA,NA,330
Greater Yellowlegs,species,Shorebirds,144,8,6154,greyel,avibase-6EB81C98,range,"range changed from ""Alaska and Canada; winters to southern South America"" to ""breeds taiga muskeg from southern Alaska eastward through southern tier of Canadian provinces to eastern Labrador (eastern Canada); winters wetlands of southern USA and throughout Caribbean southward to Tierra del Fuego"".",species,Tringa melanoleuca,"(Gmelin, 1789)","Tringa melanoleuca (Gmelin, 1789)",breeds taiga muskeg from southern Alaska eastward through southern tier of Canadian provinces to eastern Labrador (eastern Canada); winters wetlands of southern USA and throughout Caribbean southward to Tierra del Fuego,Charadriiformes,Scolopacidae (Sandpipers and Allies),NA,NA,6092
White-breasted Nuthatch,species,Nuthatches,14,6,26889,whbnut,avibase-19CCBBD2,NA,NA,species,Sitta carolinensis,"Latham, 1790","Sitta carolinensis Latham, 1790","mature and mixed woodland from eastern British Columbia eastwards to Nova Scotia (southwestern to southeastern Canada), southwards to northern Baja California and disjunctly in far southern Baja California (northwestern Mexico), in mountains of Mexico to northern Oaxaca, and to northern Florida",Passeriformes,Sittidae (Nuthatches),NA,NA,26640
Tree Swallow,species,Martins and Swallows,86,7,24064,treswa,avibase-BBA2F9DF,NA,NA,species,Tachycineta bicolor,"(Vieillot, 1808)","Tachycineta bicolor (Vieillot, 1808)",breeds Alaska to southern USA; winters to northern South America,Passeriformes,Hirundinidae (Swallows),NA,NA,23834
Red-necked Phalarope,species,Shorebirds,32,6,6121,renpha,avibase-E6F3BA54,range,"range changed from ""Holarctic circumpolar; winters at sea in southern hemisphere"" to ""breeds mostly low Arctic tundra from southern Greenland and Iceland eastward to Kamchatka, Kuril, and Commander islands, and Aleutians through Canada; winters off coasts of Indian Ocean from Arabian Sea eastward through Indonesian Archipelago and in Pacific to New Guinea and Bismarck Archipelago and western Mexico to Peru and Galapagos"".",species,Phalaropus lobatus,"(Linnaeus, 1758)","Phalaropus lobatus (Linnaeus, 1758)","breeds mostly low Arctic tundra from southern Greenland and Iceland eastward to Kamchatka, Kuril, and Commander islands, and Aleutians through Canada; winters off coasts of Indian Ocean from Arabian Sea eastward through Indonesian Archipelago and in Pacific to New Guinea and Bismarck Archipelago and western Mexico to Peru and Galapagos",Charadriiformes,Scolopacidae (Sandpipers and Allies),NA,NA,6059
Spotted Towhee,species,New World Sparrows,31,7,33386,spotow,avibase-58E25701,NA,NA,species,Pipilo maculatus,"Swainson, 1827","Pipilo maculatus Swainson, 1827","breeds in shrubland, brushland, thickets, and oak woodland, from southern British Columbia to Saskatchewan (southwestern Canada) southwards across western and west-central USA to northern Baja California, locally in southern Baja California, Isla Socorro, and mountains of Mexico and Guatemala; mostly resident, some wintering to southern Texas and northern Mexico as non-breeder",Passeriformes,Passerellidae (New World Sparrows),NA,NA,33108
Western Flycatcher,species,"Tyrant Flycatchers: Pewees, Kingbirds, and Allies",11,6,16975,wesfly,avibase-B12B8816,NA,NA,species,Empidonax difficilis,"Baird, 1858","Empidonax difficilis Baird, 1858","breeds in humid coastal coniferous forest, pine-oak forest, and dense secondary woodland from southwestern Alaska eastwards to far southern Yukon and southwestern Alberta (western Canada), through Pacific lowlands (including islands off southern California) and mountains of western USA eastwards to western South Dakota and western Texas, southwards to northern Baja California, disjunctly in montane Baja California Sur, through mountains of Mexico to central Oaxaca, and to Coahuila (northeastern Mexico); Canadian and US populations winter in Mexico from central Baja California, Sonora, and Nuevo León southwards to eastern Oaxaca and Veracruz",Passeriformes,Tyrannidae (Tyrant Flycatchers),NA,NA,16808
European Starling,species,Starlings and Mynas,281,8,27813,eursta,avibase-94A44032,NA,NA,species,Sturnus vulgaris,"Linnaeus, 1758","Sturnus vulgaris Linnaeus, 1758","breeds Britain and Scandinavia to central Europe, southern Siberia, northern Mongolia, Pakistan, and western Himalayas; northern populations winter to south",Passeriformes,Sturnidae (Starlings),NA,NA,27571
Northern Rough-winged Swallow,species,Martins and Swallows,89,8,24106,nrwswa,avibase-2C1981BB,NA,NA,species,Stelgidopteryx serripennis,"(Audubon, 1838)","Stelgidopteryx serripennis (Audubon, 1838)","breeds in open areas, often near water and rocky outcrops, gorges, and embankments, from southeastern Alaska and western British Columbia eastwards to southern New Brunswick (southwestern to southeastern Canada) and southwards to northern Baja California, Pacific and Atlantic slopes of Mexico, southern Mexico (including Yucatan Peninsula) to central Costa Rica, Gulf coast, and southern Florida; populations from Canada and USA winter in the Greater Antilles more widely and Mexico to central Panama",Passeriformes,Hirundinidae (Swallows),NA,NA,23876
Great-tailed Grackle,species,Blackbirds,19,5,33864,grtgra,avibase-5CBA3391,NA,NA,species,Quiscalus mexicanus,"(Gmelin, 1788)","Quiscalus mexicanus (Gmelin, 1788)","varied open habitats, including forest edge, prairies, deserts, mangroves, and cities, from southeastern Oregon eastwards to central Iowa (and expanding northward), and southwards across central and western USA through Mexico (but rare Baja California) and Central America to northern Colombia and western Venezuela, and from western Colombia southwards to northwestern Peru (spreading southward in interior Colombia and to southwestern Ecuador, and also spreading in Greater Antilles)",Passeriformes,Icteridae (Troupials and Allies),NA,NA,33587
Western Bluebird,species,Thrushes,396,8,28136,wesblu,avibase-AC2B812A,NA,NA,species,Sialia mexicana,"Swainson, 1832","Sialia mexicana Swainson, 1832","disjunct open deciduous, coniferous, and riparian woodland from southern interior British Columbia and western Alberta (southwestern Canada) southwards across interior western USA and coastal California to northern Baja California (northwestern Mexico), and in south-central USA from far southern Wyoming southwards to Puebla and Veracruz (central Mexico); some winter wandering, with most withdrawing from north of range in winter",Passeriformes,Turdidae (Thrushes and Allies),NA,NA,27891
Brown-headed Cowbird,species,Blackbirds,24,8,33833,bnhcow,avibase-1E1AB415,NA,NA,species,Molothrus ater,"(Boddaert, 1783)","Molothrus ater (Boddaert, 1783)","grassland with scattered trees, thickets, and fields from far southeastern Alaska and northwestern Canada eastwards to Labrador (eastern Canada), and southwards across the USA to northern Baja California, central Mexico (Michoacan), the Gulf of Mexico coast in the US and central Florida; winters to southern Baja California and Oaxaca (southwestern Mexico), southern Florida, and the Bahamas",Passeriformes,Icteridae (Troupials and Allies),NA,NA,33556
Northern Yellow Warbler,species,Wood-Warblers,38,7,34087,yelwar1,avibase-B64C749B,split; name change - English,"Polytypic Yellow Warbler Setophaga petechia (with subspecies rubiginosa, amnicola, aestiva, morcomi, sonorana, dugesi, oraria, bryanti, erithachorides, chrysendeta, paraguanae, cienagae, castaneiceps, rhizophorae, xanthotera, aequatorialis, peruviana, aureola, rufivertex, armouri, flavida, eoa, gundlachi, albicollis, cruciana, bartholemica, melanoptera, ruficapilla, babad, petechia, alsiosa, rufopileata, obscura, and aurifrons) is split into polytypic Northern Yellow Warbler Setophaga aestiva (with subspecies rubiginosa, amnicola, aestiva, morcomi, sonorana, and dugesi) and polytypic Mangrove Yellow Warbler Setophaga petechia (with subspecies oraria, bryanti, erithachorides, chrysendeta, paraguanae, cienagae, castaneiceps, rhizophorae, xanthotera, aequatorialis, peruviana, aureola, rufivertex, armouri, flavida, eoa, gundlachi, albicollis, cruciana, bartholemica, melanoptera, ruficapilla, babad, petechia, alsiosa, rufopileata, obscura, and aurifrons",species,Setophaga aestiva,"(Gmelin, 1789)","Setophaga aestiva (Gmelin, 1789)","breeds northern Alaska and Aleutian Islands to Newfoundland, southward to south-central Mexico; winters to northern South America",Passeriformes,Parulidae (New World Warblers),NA,NA,33808
Northern Pintail,species,Waterfowl,22,5,594,norpin,avibase-56CCA717,range,"range changed from ""Palearctic and North America; winters to southern Eurasia and northern South America"" to ""breeds Palearctic from Iceland and northern Scandinavia eastwards to northeastern Russia, and southwards to central Europe to southeastern Russia, and North America from northern Alaska and arctic Canada southwards to north-central USA; winters to central Africa, southern Asia, southern Central America, and the Caribbean"".",species,Anas acuta,"Linnaeus, 1758","Anas acuta Linnaeus, 1758","breeds Palearctic from Iceland and northern Scandinavia eastwards to northeastern Russia, and southwards to central Europe to southeastern Russia, and North America from northern Alaska and arctic Canada southwards to north-central USA; winters to central Africa, southern Asia, southern Central America, and the Caribbean",Anseriformes,"Anatidae (Ducks, Geese, and Waterfowl)",NA,NA,571
Northern Shoveler,species,Waterfowl,552,8,501,norsho,avibase-ED4CE8E7,range,"range changed from ""breeds Holarctic (except Arctic); winters through eastern Africa, southern Asia, and Central America"" to ""breeds Holarctic (except Arctic); winters through eastern Africa, southern and southeastern Asia, the Philippines, the Caribbean, and Central America"".",species,Spatula clypeata,"(Linnaeus, 1758)","Spatula clypeata (Linnaeus, 1758)","breeds Holarctic (except Arctic); winters through eastern Africa, southern and southeastern Asia, the Philippines, the Caribbean, and Central America",Anseriformes,"Anatidae (Ducks, Geese, and Waterfowl)",NA,NA,483
Ring-billed Gull,species,"Gulls, Terns, and Skimmers",195,8,6521,ribgul,avibase-23863F65,range,"range changed from ""North America; winters to southern Mexico, Bahamas, and Greater Antilles"" to ""breeds inland British Columbia eastward to Labrador and Newfoundland (eastern Canada), Pacific Northwest states, and Great Lakes (northern USA); winters to coastal and inland southern USA, southern Mexico, Bahamas, and Greater Antilles"".",species,Larus delawarensis,"Ord, 1815","Larus delawarensis Ord, 1815","breeds inland British Columbia eastward to Labrador and Newfoundland (eastern Canada), Pacific Northwest states, and Great Lakes (northern USA); winters to coastal and inland southern USA, southern Mexico, Bahamas, and Greater Antilles",Charadriiformes,"Laridae (Gulls, Terns, and Skimmers)",NA,NA,6455
California Gull,species,"Gulls, Terns, and Skimmers",161,8,6591,calgul,avibase-7FCE8A43,NA,NA,species,Larus californicus,"Lawrence, 1854","Larus californicus Lawrence, 1854",breeds on islands in lakes and rivers of central Northwest Territories to central Manitoba (central Canada) to northeastern South Dakota; eastern Washington to Montana and southward to Colorado and central California; winters on coast from southern British Columbia (southwestern Canada) to west-central Mexico,Charadriiformes,"Laridae (Gulls, Terns, and Skimmers)",NA,NA,6522
Northern Mockingbird,species,"Catbirds, Mockingbirds, and Thrashers",86,8,28114,normoc,avibase-7EFF698D,NA,NA,species,Mimus polyglottos,"(Linnaeus, 1758)","Mimus polyglottos (Linnaeus, 1758)","open shrubby habitats and woodland including urban areas from southernmost Canada (rare) southwards across most USA (but rare in north-central USA) to southern Florida, southern Baja California and most Mexico (including western islands) southwards to northern Oaxaca, and the Greater Antilles eastwards to the Virgin Islands; introduced to Hawaii; range expanding northwards",Passeriformes,Mimidae (Mockingbirds and Thrashers),NA,NA,27870
Western Tanager,species,"Cardinals, Grosbeaks, and Allies",6,4,34439,westan,avibase-0ADA5F17,range,"range changed from ""western North America; winters to western Panama"" to ""breeds western North America; winters to western Panama"".",species,Piranga ludoviciana,"(Wilson, 1811)","Piranga ludoviciana (Wilson, 1811)",breeds western North America; winters to western Panama,Passeriformes,Cardinalidae (Cardinals and Allies),NA,NA,34148
Western Kingbird,species,"Tyrant Flycatchers: Pewees, Kingbirds, and Allies",42,7,17467,weskin,avibase-2281F1C7,NA,NA,species,Tyrannus verticalis,"Say, 1822","Tyrannus verticalis Say, 1822",breeds western North America; winters southern Mexico to Costa Rica and (?) Panama,Passeriformes,Tyrannidae (Tyrant Flycatchers),NA,NA,17298
Yellow-headed Blackbird,species,Blackbirds,7,4,33563,yehbla,avibase-3E2D0C9B,range,"range changed from ""southern Canada to northern Baja California and southern USA; winters to central Mexico"" to ""breeds southern Canada to northern Baja California and southern USA; winters to central Mexico"".",species,Xanthocephalus xanthocephalus,"(Bonaparte, 1826)","Xanthocephalus xanthocephalus (Bonaparte, 1826)",breeds southern Canada to northern Baja California and southern USA; winters to central Mexico,Passeriformes,Icteridae (Troupials and Allies),NA,NA,33285
Western Meadowlark,species,Blackbirds,1103,8,33565,wesmea,avibase-4A5B4883,NA,NA,species,Sturnella neglecta,"Audubon, 1844","Sturnella neglecta Audubon, 1844","breeds in varied native and exotic grasslands and prairies from southern Canada (central British Columbia to Saskatchewan) southwards across western and central USA to northern Baja California, and in central Mexico southwards to northern Jalisco and Guanajuato; largely resident but northern birds winter in the USA southwards to the Gulf coast and southwards to southern Baja California and central Mexico",Passeriformes,Icteridae (Troupials and Allies),NA,NA,33287
American Pipit,species,Wagtails and Pipits,698,8,31883,amepip,avibase-CDA2E56B,NA,NA,species,Anthus rubescens,"(Tunstall, 1771)","Anthus rubescens (Tunstall, 1771)","breeds northern Alaska including Aleutians through northeastern Canada and western Greenland, and southward through mountains of western North America to Arizona and New Mexico; winters to south-central Mexico and Florida",Passeriformes,Motacillidae (Wagtails and Pipits),NA,NA,31605
Savannah Sparrow,species,New World Sparrows,634,8,33244,savspa,avibase-31CE00C7,NA,NA,species,Passerculus sandwichensis,"(Gmelin, 1789)","Passerculus sandwichensis (Gmelin, 1789)","breeds in grassland and cultivated fields from northern Alaska (including the Aleutian Islands) and northern Canada (south of the Arctic Islands) southwards along the west coast to southern Baja California, and to northwestern Sinaloa (northwestern Mexico), in eastern USA southwards to northern Georgia, in montane north-central Mexico (Chihuahua to Michoacan), in the volcanic belt eastwards to western Veracruz, and locally in western Guatemala; winters from southern third of the USA throughout Mexico to western Honduras, and southern Florida, the Bahamas, and Cuba (scarce)",Passeriformes,Passerellidae (New World Sparrows),NA,NA,32962
White-faced Ibis,species,"Herons, Ibis, and Allies",6,4,7468,whfibi,avibase-FD2B0309,NA,NA,species,Plegadis chihi,"(Vieillot, 1817)","Plegadis chihi (Vieillot, 1817)",Great Basin of western USA to southwestern Brazil and central Argentina,Pelecaniformes,Threskiornithidae (Ibises and Spoonbills),NA,NA,7383
Purple Finch,species,"Finches, Euphonias, and Allies",7,5,32324,purfin,avibase-B4EE123D,NA,NA,species,Haemorhous purpureus,"(Gmelin, 1789)","Haemorhous purpureus (Gmelin, 1789)","breeds in moist coniferous and mixed forests and riparian woodland from southern Yukon and southern Northwest Territories eastwards to Newfoundland (southwestern to eastern Canada) southwards in western USA to southern California, and in eastern USA from northern Minnesota eastward to Maine, and southwards in the Appalachians to West Virginia; winters southwards to northern Baja California (northwestern Mexico) and throughout eastern USA sporadically to northern Florida",Passeriformes,"Fringillidae (Finches, Euphonias, and Allies)",NA,NA,32048
American Coot,species,"Rails, Gallinules, and Allies",1535,8,5500,y00475,avibase-4FB248BA,NA,NA,species,Fulica americana,"Gmelin, 1789","Fulica americana Gmelin, 1789","breeds southern Alaska across southern Canada, and southward through western and central USA to northwestern Costa Rica, the Caribbean (Greater and Lesser Antilles), and northern South America",Gruiformes,"Rallidae (Rails, Gallinules, and Coots)",NA,NA,5443
Cinnamon Teal,species,Waterfowl,149,8,487,cintea,avibase-0E599E6C,NA,NA,species,Spatula cyanoptera,"(Vieillot, 1816)","Spatula cyanoptera (Vieillot, 1816)",western North America from British Colombia southward to northwestern Mexico; disjunctly western and southern South America,Anseriformes,"Anatidae (Ducks, Geese, and Waterfowl)",NA,NA,469
Pied-billed Grebe,species,Grebes,58,7,6855,pibgre,avibase-9A8E55D0,NA,NA,species,Podilymbus podiceps,"(Linnaeus, 1758)","Podilymbus podiceps (Linnaeus, 1758)","breeds northwestern Canada through USA, Caribbean, Mexico, Central and South America to central Chile and northern and west-central Argentina; winters to western and south-central USA",Podicipediformes,Podicipedidae (Grebes),NA,NA,6776
White-crowned Sparrow,species,New World Sparrows,2839,8,33187,whcspa,avibase-8601A467,NA,NA,species,Zonotrichia leucophrys,"(Forster, 1772)","Zonotrichia leucophrys (Forster, 1772)","breeds in boreal forest, tundra, alpine meadows, dense shrubbery and thickets from northern Alaska eastwards (south of Arctic islands) to Newfoundland (northeastern Canada), southwards through northern and western USA to southwestern California and northern New Mexico; winters along the Pacific coast from southernmost Alaska southwards to southern Baja California, and in western to eastern USA southwards to Michoacan and Mexico DF (central Mexico), and in eastern USA southwards to southern Florida",Passeriformes,Passerellidae (New World Sparrows),NA,NA,32905
Yellow-rumped Warbler,species,Wood-Warblers,1803,8,34159,yerwar,avibase-BC5A9498,NA,NA,species,Setophaga coronata,"(Linnaeus, 1766)","Setophaga coronata (Linnaeus, 1766)","breeds coniferous and humid forest from Alaska (USA) and northern Yukon (northwestern Canada) eastwards to northeastern Canada, and southwards through western and northeastern USA, and in mountains of western Mexico and Chiapas to central Guatemala; winters on the western and eastern coasts of USA and the interior (from Kansas and Ohio) southwards across Mexico to central Panama, and in the Greater Antilles eastwards to the Virgin Islands",Passeriformes,Parulidae (New World Warblers),NA,NA,33874
Redhead,species,Waterfowl,125,7,667,redhea,avibase-3072CC16,range,"range changed from ""Alaska to southern USA; winters to Guatemala and Greater Antilles"" to ""breeds Alaska to southern USA; winters to Guatemala and Greater Antilles"".",species,Aythya americana,"(Eyton, 1838)","Aythya americana (Eyton, 1838)",breeds Alaska to southern USA; winters to Guatemala and Greater Antilles,Anseriformes,"Anatidae (Ducks, Geese, and Waterfowl)",NA,NA,642
Violet-green Swallow,species,Martins and Swallows,15,5,24074,vigswa,avibase-75DC49AD,NA,NA,species,Tachycineta thalassina,"(Swainson, 1827)","Tachycineta thalassina (Swainson, 1827)","breeds open deciduous to mixed coniferous forest, woodland with rock crevices and banks, and wooded neighborhoods, from north-central Alaska eastwards to southwestern Alberta (south-central Canada) and western North Dakota (north-central USA), southwards to southern Baja California, and central Mexico to the volcanic belt; winters near the coast in southwestern USA and most of Mexico southwards to Costa Rica",Passeriformes,Hirundinidae (Swallows),NA,NA,23844
Blue-gray Gnatcatcher,species,Gnatcatchers,349,8,27123,buggna,avibase-A15C5071,NA,NA,species,Polioptila caerulea,"(Linnaeus, 1766)","Polioptila caerulea (Linnaeus, 1766)","breeds in varied woodland and shrubby habitats, mature deciduous, swamp, and gallery forest from south-central Washington (very local) southwards to southern Baja California (northwestern Mexico) and eastwards to southern Colorado, in Mexico (including the Yucatan Peninsula and Cozumel) to western Guatemala and Belize, and from southern Ontario and southwestern Quebec (southeastern Canada) southwards in eastern USA to central Florida and the Bahamas; winters in southern USA to the Pacific coast of Mexico to Honduras, southern Florida, and Cuba",Passeriformes,Polioptilidae (Gnatcatchers),NA,NA,26874
Ruby-crowned Kinglet,species,Kinglets,153,8,26844,ruckin,avibase-B60B1166,NA,NA,species,Corthylio calendula,"(Linnaeus, 1766)","Corthylio calendula (Linnaeus, 1766)","breeds in coniferous, mixed, and deciduous forest and woodland from northern Alaska and northern Yukon (except the north slope) eastwards to northern Labrador and Newfoundland (northeastern Canada), southwards in western USA to southern California and New Mexico, eastwards to western South Dakota and Nebraska, and northeastern USA (northern Minnesota to northern New York and Maine); winters in western and southeastern USA, southwards to the Gulf of Mexico coast and southern Florida, and in Mexico southwards to southern Baja California and Oaxaca; formerly Guadalupe Island",Passeriformes,Regulidae (Kinglets),NA,NA,26595
Burrowing Owl,species,Owls,21,4,9133,burowl,avibase-B9EE9676,NA,NA,species,Athene cunicularia,"(Molina, 1782)","Athene cunicularia (Molina, 1782)","various grassland, steppe and arid habitats from south-central Canada southward across western and west-central US to southern Baja California, southern Florida and southward across Mexico to (more locally and seasonally) western Costa Rica; Bahamas, Hispaniola and locally in Cuba; in South America in the lowlands of northern Colombia and western Venezuela, the Río Cauca and Río Magdalena valleys of central Colombia and central Andean valleys of Ecuador and northern Peru; coastal southwestern Ecuador southward to southern Chile and in the Andes southward to southern Argentina; also in the llanos and locally across the Amazon River basin (mostly along river islands and sandbanks) from central Venezuela and western Guyana, and in interior and eastern Brazil, southward to southern Argentina, in the provinces of Rio Negro and Chubut; also in Aruba and (extinct) in Guadaloupe, Nevis and Antigua",Strigiformes,Strigidae (Owls),NA,NA,9032
American Goldfinch,species,"Finches, Euphonias, and Allies",23,5,32617,amegfi,avibase-C9ABA616,NA,NA,species,Spinus tristis,"(Linnaeus, 1758)","Spinus tristis (Linnaeus, 1758)","breeds in weedy and grassy fields, orchards, bushy areas, and gardens from southern British Columbia eastwards to southwestern Newfoundland (southwestern to southeastern Canada) southwards through southern California and to northern Louisiana and Georgia; winters southward to northern Baja California and northern (northwestern Mexico), Veracruz (eastern Mexico), and southern Florida",Passeriformes,"Fringillidae (Finches, Euphonias, and Allies)",NA,NA,32338
Sora,species,"Rails, Gallinules, and Allies",59,8,5455,sora,avibase-2CC21529,range,"range changed from ""southern Alaska to northern Baja California and southern USA; winters to West Indies and northern South America"" to ""breeds southern Alaska to northern Baja California and southern USA; winters to West Indies and northern South America"".",species,Porzana carolina,"(Linnaeus, 1758)","Porzana carolina (Linnaeus, 1758)",breeds southern Alaska to northern Baja California and southern USA; winters to West Indies and northern South America,Gruiformes,"Rallidae (Rails, Gallinules, and Coots)",NA,NA,5398
Marsh Wren,species,Wrens,50,7,27329,marwre,avibase-787E0536,NA,NA,species,Cistothorus palustris,"(Wilson, 1810)","Cistothorus palustris (Wilson, 1810)","breeds in coastal to freshwater marshes disjunctly from southwestern and northeastern British Columbia eastward to southwestern Quebec, and southward to southern California, northern Kansas, and along Atlantic US coast southward to southeastern Georgia, along Gulf coast, and Hidalgo southwards to Puebla (south-central Mexico); largely resident in coastal USA, more northerly interior populations winter southwards to southern Baja California, Oaxaca (southern Mexico), and southern Florida",Passeriformes,Troglodytidae (Wrens),NA,NA,27088
Green-winged Teal,species,Waterfowl,66,7,612,gnwtea,avibase-BC6C3CCE,NA,NA,species,Anas crecca,"Linnaeus, 1758","Anas crecca Linnaeus, 1758","breeds Holarctic; winters to Central America and the Caribbean, eastern Africa, and southern Asia",Anseriformes,"Anatidae (Ducks, Geese, and Waterfowl)",NA,NA,588
Ring-necked Duck,species,Waterfowl,19,4,673,rinduc,avibase-0783A7EA,NA,NA,species,Aythya collaris,"(Donovan, 1809)","Aythya collaris (Donovan, 1809)",breeds Alaska to southern USA; winters to Panama and southern Lesser Antilles,Anseriformes,"Anatidae (Ducks, Geese, and Waterfowl)",NA,NA,648
Long-billed Dowitcher,species,Shorebirds,38,5,6061,lobdow,avibase-CB343E43,range,"range changed from ""breeds Siberia and Alaska; winters southern USA to Panama"" to ""breeds wet meadows from Lena River through northeastern Siberia, St. Lawrence Island (Bering Sea; rare), western Alaska and northern Northwest Territories (north-central Canada); winters inland from the southern US through Mexico, along the Pacific coast from the Pacific Northwest south to northwestern Costa Rica, and along the Atlantic and Gulf coasts from the mid-Atlantic south to the Yucatan Peninsula"".",species,Limnodromus scolopaceus,"(Say, 1822)","Limnodromus scolopaceus (Say, 1822)","breeds wet meadows from Lena River through northeastern Siberia, St. Lawrence Island (Bering Sea; rare), western Alaska and northern Northwest Territories (north-central Canada); winters inland from the southern US through Mexico, along the Pacific coast from the Pacific Northwest south to northwestern Costa Rica, and along the Atlantic and Gulf coasts from the mid-Atlantic south to the Yucatan Peninsula",Charadriiformes,Scolopacidae (Sandpipers and Allies),NA,NA,6001
Ruddy Duck,species,Waterfowl,147,8,778,rudduc,avibase-675EEA7F,NA,NA,species,Oxyura jamaicensis,"(Gmelin, 1789)","Oxyura jamaicensis (Gmelin, 1789)",interior northwestern North America (southwestern Canada to Mexico); West Indies,Anseriformes,"Anatidae (Ducks, Geese, and Waterfowl)",NA,NA,753
Osprey,species,"Vultures, Hawks, and Allies",5,4,7831,pandio1,NA,NA,NA,family,Pandionidae,NA,NA,NA,Accipitriformes,Pandionidae (Osprey),NA,NA,7736
Osprey,species,"Vultures, Hawks, and Allies",5,4,7832,osprey,avibase-1327AC55,NA,NA,species,Pandion haliaetus,"(Linnaeus, 1758)","Pandion haliaetus (Linnaeus, 1758)","breeds Palearctic, Sulawesi and Java to New Guinea, coastal Australia (except Tasmania), New Caledonia, Canada to southern USA, and Caribbean; northern populations winter to South Africa, India, Philippines, and South America southward to Peru and Brazil",Accipitriformes,Pandionidae (Osprey),NA,NA,7737
Wilson's Snipe,species,Shorebirds,21,6,6104,wilsni1,avibase-F5C8516D,range,"range changed from ""Aleutian Islands and Alaska to southern USA; winters to northern South America"" to ""breeds central Aleutian Islands to eastern Canada and northern tier of continental USA; winters south of breeding range to northern South America"".",species,Gallinago delicata,"(Ord, 1825)","Gallinago delicata (Ord, 1825)",breeds central Aleutian Islands to eastern Canada and northern tier of continental USA; winters south of breeding range to northern South America,Charadriiformes,Scolopacidae (Sandpipers and Allies),NA,NA,6042
Golden-crowned Sparrow,species,New World Sparrows,15,6,33196,gocspa,avibase-BD61BDEC,NA,NA,species,Zonotrichia atricapilla,"(Gmelin, 1789)","Zonotrichia atricapilla (Gmelin, 1789)",breeds Alaska and western Canada; winters to Sonora and Baja California,Passeriformes,Passerellidae (New World Sparrows),NA,NA,32914
American Wigeon,species,Waterfowl,184,7,517,amewig,avibase-D201EB72,NA,NA,species,Mareca americana,"(Gmelin, 1789)","Mareca americana (Gmelin, 1789)",breeds Alaska to southern USA; winters through Central America and the Caribbean,Anseriformes,"Anatidae (Ducks, Geese, and Waterfowl)",NA,NA,497
Greater White-fronted Goose,species,Waterfowl,173,8,287,gwfgoo,avibase-466E9077,NA,NA,species,Anser albifrons,"(Scopoli, 1769)","Anser albifrons (Scopoli, 1769)","Holarctic, breeding in southwestern Greenland, northern Russia to Chukotskiy Peninsula, and northern Alaska to west of Hudson Bay; winters to southern Europe, Middle East, eastern China, Korean Peninsula, Japan, and southwestern and southeastern USA and northern Mexico",Anseriformes,"Anatidae (Ducks, Geese, and Waterfowl)",NA,NA,276
Hooded Merganser,species,Waterfowl,26,8,754,hoomer,avibase-60E6081E,range,"range changed from ""breeds northern North America; winters to Mexico and West Indies"" to ""breeds southeastern Alaska to northwestern USA, southern Manitoba to Nova Scotia (central and southeastern Canada) southward to eastern Texas and northern Florida; winters to southern California, southern Texas, and southern Florida"".",species,Lophodytes cucullatus,"(Linnaeus, 1758)","Lophodytes cucullatus (Linnaeus, 1758)","breeds southeastern Alaska to northwestern USA, southern Manitoba to Nova Scotia (central and southeastern Canada) southward to eastern Texas and northern Florida; winters to southern California, southern Texas, and southern Florida",Anseriformes,"Anatidae (Ducks, Geese, and Waterfowl)",NA,NA,729
Eurasian Collared-Dove,species,Pigeons and Doves,54,8,2031,eucdov,avibase-0C1EFC9B,NA,NA,species,Streptopelia decaocto,"(Frivaldszky, 1838)","Streptopelia decaocto (Frivaldszky, 1838)","Europe to Middle East, India, Sri Lanka, western China, and Korea; introduced in North America, and occurs in the USA (except northeastern), southern Canada (except eastern) and southern Alaska, the West Indies, and northern Mexico locally to southern Mexico",Columbiformes,Columbidae (Pigeons and Doves),NA,NA,1994
Hermit Thrush,species,Thrushes,11,7,28333,herthr,avibase-B01E8BD4,NA,NA,species,Catharus guttatus,"(Pallas, 1811)","Catharus guttatus (Pallas, 1811)","breeds in varied coniferous, mixed and deciduous forests, and woodland from western Alaska eastwards to southern Labrador (eastern Canada) and northeastern USA, southwards in mountains of western USA to southern California, with an isolated population in northern Baja California (northwestern Mexico), and far southwestern Texas, and in the Appalachian Mountains southwards to North Carolina (local); winters from coastal southwestern Canada southwards to Baja California, across southern half of the USA southwards to to central Guatemala, southern Florida, and the Bahamas (scarce)",Passeriformes,Turdidae (Thrushes and Allies),NA,NA,28081
Lark Sparrow,species,New World Sparrows,116,8,33029,larspa,avibase-78509A5D,NA,NA,species,Chondestes grammacus,"(Say, 1822)","Chondestes grammacus (Say, 1822)","breeds shrub-steppe, prairie, and woodland-grassland ecotones from southern British Columbia eastward to southern Manitoba (interior southwestern to south-central Canada) southwards across interior western and central USA to southern California, and Zacatecas and San Luis Potosi (north-central Mexico), and eastwards to western Indiana and Arkansas, irregularly farther east; winters from southern USA southwards to southern Baja California and to southeastern Oaxaca (southern Mexico)",Passeriformes,Passerellidae (New World Sparrows),NA,NA,32747
Tropical Kingbird,species,"Tyrant Flycatchers: Pewees, Kingbirds, and Allies",18,7,17452,trokin,avibase-BB6B236F,NA,NA,species,Tyrannus melancholicus,"Vieillot, 1819","Tyrannus melancholicus Vieillot, 1819","southern Arizona and Sonora, and central Tamaulipas to coastal southwestern Peru and throughout lowland South America to central Argentina; northern and southern populations migratory",Passeriformes,Tyrannidae (Tyrant Flycatchers),NA,NA,17283
Lincoln's Sparrow,species,New World Sparrows,67,7,33310,linspa,avibase-AF49F890,NA,NA,species,Melospiza lincolnii,"(Audubon, 1834)","Melospiza lincolnii (Audubon, 1834)","breeds in boggy woodland and willows from western Alaska to Newfoundland (northeastern Canada), southwards through mountains of western USA to southern California and northern New Mexico, and southwards in eastern Canada to northern Michigan, Wisconsin and Minnesota; winters in shrubby woodland along the Pacific coast of the USA southward to Baja California and from the southern USA across most of Mexico (rare on Yucatan Peninsula), southeastwards to southeastern Honduras",Passeriformes,Passerellidae (New World Sparrows),NA,NA,33028
Virginia Rail,species,"Rails, Gallinules, and Allies",10,5,5297,virrai,avibase-87705CC4,NA,NA,species,Rallus limicola,"Vieillot, 1819","Rallus limicola Vieillot, 1819","breeds southern Canada and USA; winters to Baja California, southeastern Mexico (Puebla, México, Veracruz, and Chiapas), and Guatemala",Gruiformes,"Rallidae (Rails, Gallinules, and Coots)",NA,NA,5240
Peregrine Falcon,species,Falcons and Caracaras,8,4,12114,perfal,avibase-47E58408,NA,NA,species,Falco peregrinus,"Tunstall, 1771","Falco peregrinus Tunstall, 1771","global across open habitats, lowland to montane, on all wooded continents, and many offshore islands; most northern populations migrate southward in winter; breeding absent in Amazon Basin, Sahara Desert, and most steppes of central and eastern Asia",Falconiformes,Falconidae (Falcons and Caracaras),NA,NA,11997
Belted Kingfisher,species,Kingfishers,25,7,10306,belkin1,avibase-3558066B,range,"range changed from ""central and eastern Canada to northern South America including Trinidad and Tobago and West Indies"" to ""breeds southern Alaska eastward across central and eastern Canada, southward through south-central USA; winters to northern South America including Trinidad and Tobago and West Indies"".",species,Megaceryle alcyon,"(Linnaeus, 1758)","Megaceryle alcyon (Linnaeus, 1758)","breeds southern Alaska eastward across central and eastern Canada, southward through south-central USA; winters to northern South America including Trinidad and Tobago and West Indies",Coraciiformes,Alcedinidae (Kingfishers),NA,NA,10202
Caspian Tern,species,"Gulls, Terns, and Skimmers",17,4,6718,caster1,avibase-BC06BC0D,NA,NA,species,Hydroprogne caspia,"(Pallas, 1770)","Hydroprogne caspia (Pallas, 1770)","breeds patchily coastal Baltic Sea and inland southeast Europe to western Mongolia and Ussuriland (southeastern Russia) and northeastern China and southern Asian coasts; coastal and inland western and southern Africa; Europa (west of southern Madagascar, Mozambique Channel), coastal Madagascar and Aldabra group (southwestern Seychelles); coastal and inland northern and eastern Australia, coastal New Zealand (North, South and Stewart islands); inland Northwest Territories to northeastern Canada, in south to central California and Great Lakes; winters to coastal Africa, Red Sea, Persian Gulf, India, Thailand, Malay Peninsula, and Vietnam; eastern Pacific and Caribbean to Panama",Charadriiformes,"Laridae (Gulls, Terns, and Skimmers)",NA,NA,6644
Lesser Yellowlegs,species,Shorebirds,8,4,6145,lesyel,avibase-2C7A2673,range,"range changed from ""Alaska and Canada; winters to Tierra del Fuego and Galapagos"" to ""breeds subarctic tundra to forest from Alaska mainland eastward to James Bay and probably central Quebec (east-central Canada); winters southern USA throughout Caribbean southward to Tierra del Fuego"".",species,Tringa flavipes,"(Gmelin, 1789)","Tringa flavipes (Gmelin, 1789)",breeds subarctic tundra to forest from Alaska mainland eastward to James Bay and probably central Quebec (east-central Canada); winters southern USA throughout Caribbean southward to Tierra del Fuego,Charadriiformes,Scolopacidae (Sandpipers and Allies),NA,NA,6083
Spotted Sandpiper,species,Shorebirds,10,5,6126,sposan,avibase-0D88C072,range,"range changed from ""breeds North America; winters to southern South America"" to ""breeds inland waterbody margins from Aleutian Islands and Alaska mainland except North Slope eastward through Canada (except far northern) to Newfoundland, and southward to southwestern and east-central USA; winters southern USA and Caribbean southward to northern Chile and Argentina"".",species,Actitis macularius,"(Linnaeus, 1766)","Actitis macularius (Linnaeus, 1766)","breeds inland waterbody margins from Aleutian Islands and Alaska mainland except North Slope eastward through Canada (except far northern) to Newfoundland, and southward to southwestern and east-central USA; winters southern USA and Caribbean southward to northern Chile and Argentina",Charadriiformes,Scolopacidae (Sandpipers and Allies),NA,NA,6064
Black-chinned Hummingbird,species,Hummingbirds,3,3,4803,bkchum,avibase-4BB4F257,NA,NA,species,Archilochus alexandri,"(Bourcier & Mulsant, 1846)","Archilochus alexandri (Bourcier & Mulsant, 1846)",breeds drier parts of southern British Columbia to northwestern Mexico; winters to southern Mexico,Apodiformes,Trochilidae (Hummingbirds),NA,NA,4748
Rufous Hummingbird,species,Hummingbirds,7,4,4826,rufhum,avibase-1E1B6D19,range,"range changed from ""Alaska to northwestern USA; winters to southern Mexico"" to ""breeds Alaska to northwestern USA; winters to southern Mexico"".",species,Selasphorus rufus,"(Gmelin, 1788)","Selasphorus rufus (Gmelin, 1788)",breeds Alaska to northwestern USA; winters to southern Mexico,Apodiformes,Trochilidae (Hummingbirds),NA,NA,4769
Snow Goose,species,Waterfowl,48,6,267,snogoo,avibase-D3A260BC,NA,NA,species,Anser caerulescens,"(Linnaeus, 1758)","Anser caerulescens (Linnaeus, 1758)","Arctic tundra near lakes, ponds, streams, low meadows, braided deltas, and riverine islands in the islands of northern Canada and northwestern Greenland southward to the Arctic coast of Canada and Alaska, coastal Hudson Bay, Wrangel Island, and far northeastern Siberia; winters locally in western US, in central US mainly along the Mississippi River basin, and in the Atlantic coast of the US and southward to northern Mexico, south in the highlands of central Mexico to northern Jalisco and Guanajuato, and along the Gulf of Mexico coast southward to Veracruz",Anseriformes,"Anatidae (Ducks, Geese, and Waterfowl)",NA,NA,257
Merlin,species,Falcons and Caracaras,8,6,12062,merlin,avibase-F3DA111C,NA,NA,species,Falco columbarius,"Linnaeus, 1758","Falco columbarius Linnaeus, 1758","breeds Holarctic, from Iceland and Faroe Islands to Sakhalin, and mountains and steppes of central Asia, and northern North America southward to northern tier of US states; winters to northern Africa, tropical Asia, and northern South America",Falconiformes,Falconidae (Falcons and Caracaras),NA,NA,11947
Common Gull,species,"Gulls, Terns, and Skimmers",53,4,6513,mewgul,avibase-00DA9D91,NA,NA,species,Larus canus,"Linnaeus, 1758","Larus canus Linnaeus, 1758","breeds mostly wetlands, subarctic and low Arctic of Palearctic from Iceland and northwestern and central Europe to Kamchatka (eastern Siberia), and in the south disjunctly in western and central Asia; winters Europe to northern Africa, Mediterranean, Black and Caspian seas, and Persian Gulf; disjunctly Sea of Okhotsk (southeastern Russia), Japan, and Korean Peninsula to southeastern China",Charadriiformes,"Laridae (Gulls, Terns, and Skimmers)",NA,NA,6447
Long-billed Curlew,species,Shorebirds,47,6,6021,lobcur,avibase-5284C27B,NA,NA,species,Numenius americanus,"Bechstein, 1812","Numenius americanus Bechstein, 1812","breeds inland grassland from southern British Columbia eastward to southwestern Saskatchewan (southwestern Canada) southward to northeastern California and northeastern New Mexico (southwestern USA); winters to coastal and inland California, and Gulf Coast to central Panama and western Yucatan Peninsula",Charadriiformes,Scolopacidae (Sandpipers and Allies),NA,NA,5961
Hudsonian Whimbrel,species,Shorebirds,6,2,6011,whimbr3,avibase-4D844D5E,split,"Polytypic Whimbrel Numenius phaeopus is split into polytypic Eurasian Whimbrel Numenius phaeopus (with subspecies phaeopus, alboaxillaris, rogachevae, and variegatus) and monotypic Hudsonian Whimbrel Numenius hudsonicus.",species,Numenius hudsonicus,"Latham, 1790","Numenius hudsonicus Latham, 1790",Alaska to northern Canada; winters to southern South America,Charadriiformes,Scolopacidae (Sandpipers and Allies),NA,NA,5952
Bufflehead,species,Waterfowl,17,6,742,buffle,avibase-FB738385,range,"range changed from ""breeds northern North America; winters to central Mexico and Greater Antilles"" to ""breeds subarctic west-central Alaska and Canada eastward to eastern Quebec and (locally) northwestern and north-central USA; winters to central Mexico and northern Florida"".",species,Bucephala albeola,"(Linnaeus, 1758)","Bucephala albeola (Linnaeus, 1758)",breeds subarctic west-central Alaska and Canada eastward to eastern Quebec and (locally) northwestern and north-central USA; winters to central Mexico and northern Florida,Anseriformes,"Anatidae (Ducks, Geese, and Waterfowl)",NA,NA,717
Red-breasted Nuthatch,species,Nuthatches,17,3,26937,rebnut,avibase-0716A71C,NA,NA,species,Sitta canadensis,"Linnaeus, 1766","Sitta canadensis Linnaeus, 1766",coniferous forest of North America,Passeriformes,Sittidae (Nuthatches),NA,NA,26688
Willow Flycatcher,species,"Tyrant Flycatchers: Pewees, Kingbirds, and Allies",3,3,16952,wilfly,avibase-5BC4E0EF,NA,NA,species,Empidonax traillii,"(Audubon, 1828)","Empidonax traillii (Audubon, 1828)","breeds southern Canada to southern California, central Texas, and eastern USA to northern edge of most southern states; winters to southern Mexico and northwestern South America",Passeriformes,Tyrannidae (Tyrant Flycatchers),NA,NA,16785
Willet,species,Shorebirds,2,2,6147,willet1,avibase-E7A14E91,NA,NA,species,Tringa semipalmata,"(Gmelin, 1789)","Tringa semipalmata (Gmelin, 1789)","breeds disjunctly in temperate zone prairie wetlands of inland central Alberta to southwestern Manitoba, southward to northeastern California and northern Nebraska; and in coastal saltmarshes from coastal Newfoundland to Florida and Gulf of Mexico southward to Tamaulipas; Bahamas, most Greater Antilles, and scattered islands elsewhere in Caribbean including Los Roques (north of Venezuela); winters to coasts of northern California to northern Chile and Galapagos, and New Jersey through Caribbean to northeastern Brazil",Charadriiformes,Scolopacidae (Sandpipers and Allies),NA,NA,6085
