survey_id,observation_date,day_of_year,day_of_survey_year,year,survey_year,season,slough_water_level,starting_time,starting_temp_f,starting_percent_cloud_cover,starting_cloud_height,starting_wind_speed,starting_rain,Snowy Egret,California Towhee,Anna's Hummingbird,Song Sparrow,Oak Titmouse,Say's Phoebe,Acorn Woodpecker,House Finch,California Scrub-Jay,Nuttall's Woodpecker,Loggerhead Shrike,Cliff Swallow,Common Yellowthroat,Wrentit,Mallard,Least Sandpiper,Scaly-breasted Munia,Black Phoebe,Cassin's Kingbird,Northern House Wren,Red-tailed Hawk,California Quail,Western Gull,Bushtit,House Sparrow,Great Egret,Killdeer,Semipalmated Plover,Barn Swallow,Lesser Goldfinch,Red-shouldered Hawk,Red-winged Blackbird,Bewick's Wren,Black-crowned Night Heron,Downy Woodpecker,Mourning Dove,American Crow,Allen's Hummingbird,Turkey Vulture,Short-billed Dowitcher,Cooper's Hawk,Western Sandpiper,Double-crested Cormorant,Black-necked Stilt,Great Blue Heron,Green Heron,Dark-eyed Junco,American Kestrel,Heermann's Gull,Spotted Towhee,California Thrasher,Hairy Woodpecker,White-tailed Kite,Orange-crowned Warbler,Hooded Oriole,Gadwall,Canada Goose,Greater Yellowlegs,Wilson's Phalarope,White-breasted Nuthatch,Tree Swallow,Red-necked Phalarope,Western Flycatcher,European Starling,Northern Rough-winged Swallow,Great-tailed Grackle,Western Bluebird,Brown-headed Cowbird,Northern Yellow Warbler,Northern Pintail,Northern Shoveler,Ring-billed Gull,California Gull,Northern Mockingbird,Wilson's Warbler,Western Tanager,Western Kingbird,Yellow-headed Blackbird,Western Meadowlark,American Pipit,Savannah Sparrow,White-faced Ibis,Purple Finch,Lazuli Bunting,American Coot,Cinnamon Teal,Pied-billed Grebe,White-crowned Sparrow,Yellow-rumped Warbler,Redhead,Violet-green Swallow,Blue-gray Gnatcatcher,Ruby-crowned Kinglet,Burrowing Owl,American Goldfinch,Sora,Townsend's Warbler,Marsh Wren,Green-winged Teal,Ring-necked Duck,Long-billed Dowitcher,Ruddy Duck,Osprey,Wilson's Snipe,Chestnut-backed Chickadee,Golden-crowned Sparrow,American Wigeon,Greater White-fronted Goose,Hooded Merganser,Mountain Bluebird,Eurasian Collared-Dove,Hermit Thrush,American Bittern,Lark Sparrow,Tropical Kingbird,Horned Lark,White-throated Swift,Lincoln's Sparrow,American Robin,Virginia Rail,Peregrine Falcon,Belted Kingfisher,Hutton's Vireo,Caspian Tern,Lesser Yellowlegs,Cedar Waxwing,Spotted Sandpiper,Glaucous-winged Gull,Black-chinned Hummingbird,Rufous Hummingbird,Bonaparte's Gull,Forster's Tern,Cackling Goose,Snow Goose,Red-breasted Merganser,Merlin,Short-billed Gull,Marbled Godwit,Long-billed Curlew,Hudsonian Whimbrel,Sharp-shinned Hawk,Bufflehead,Red-breasted Nuthatch,Black-bellied Plover,Willow Flycatcher,Willet,Ash-throated Flycatcher,Great Horned Owl,Black-headed Grosbeak,Bullock's Oriole,Solitary Sandpiper,American Avocet,Brewer's Blackbird,Eared Grebe,Northern Harrier,Northern Flicker,Western Wood-Pewee,Vaux's Swift,Mute Swan,Ross's Goose,Dunlin,Common Raven,Blue-winged Teal,Clark's Grebe,Western Grebe,Canvasback,Chipping Sparrow,Pectoral Sandpiper,Blue Grosbeak,Sanderling,Rock Wren,Clay-colored Sparrow,Fox Sparrow
1,2017-09-25,268,25,2017,1,Fall,NA,NA,NA,NA,NA,NA,NA,4,14,10,12,0,3,2,10,0,0,2,0,2,0,0,18,14,6,3,1,0,0,0,10,0,0,3,0,0,2,4,4,1,0,1,2,23,0,0,0,0,7,0,9,0,0,0,0,0,0,0,0,0,2,0,0,0,6,0,0,0,2,0,0,0,0,5,0,1,0,0,0,0,0,0,0,0,0,2,0,0,0,0,0,0,0,0,5,0,0,0,0,0,0,0,0,0,0,0,0,0,0,0,0,0,2,0,0,0,0,0,0,0,0,0,0,0,0,0,0,0,0,0,0,0,0,0,0,0,0,0,0,0,0,0,0,0,0,0,0,0,0,0,0,0,0,0,0,0,0,0,0,0,0,0,0,0,0,0,0,0,0,1,0,0,0,0,0,0,0,0,0,0
2,2017-10-30,303,60,2017,1,Fall,NA,NA,NA,NA,NA,NA,NA,0,4,10,11,0,4,0,28,0,0,1,0,4,0,14,29,31,8,0,0,5,0,0,0,7,0,90,2,0,0,0,0,1,0,0,52,29,1,3,0,0,7,0,0,0,0,0,3,0,0,0,0,1,0,0,0,0,2,0,0,0,0,0,0,0,0,0,0,0,2,0,0,0,0,0,0,0,0,29,24,0,0,0,0,0,0,0,33,5,0,0,2,0,0,0,0,0,0,0,0,0,0,0,0,0,0,0,5,0,0,1,0,0,0,0,0,0,0,0,0,0,0,0,0,0,0,0,0,0,0,0,0,0,0,0,0,0,0,0,0,0,0,0,0,0,0,0,0,0,0,0,0,0,0,0,0,0,0,0,0,1,0,0,0,0,0,0,0,0,0,1,0,0
3,2017-11-16,320,77,2017,1,Fall,4.5,NA,NA,NA,NA,NA,NA,0,3,6,3,0,5,0,17,0,0,0,0,1,0,5,0,8,8,0,0,1,0,0,8,0,0,22,0,0,0,1,7,1,0,0,1,58,0,0,0,0,9,0,0,2,0,1,2,0,0,0,0,0,0,0,0,0,1,0,0,0,0,0,0,0,0,0,0,0,1,0,0,0,0,0,0,0,0,40,15,0,0,0,0,0,0,0,11,13,0,0,4,0,0,0,0,0,0,0,0,0,0,0,4,0,0,0,12,0,0,0,0,0,0,0,0,0,0,0,0,0,0,0,0,0,0,0,0,0,0,0,0,0,0,0,0,0,0,0,0,0,0,0,0,0,0,0,0,0,0,0,0,0,0,0,0,0,0,0,0,0,0,0,0,0,0,0,0,0,0,0,0,1
4,2017-12-19,353,110,2017,1,Winter,5,NA,NA,NA,NA,NA,NA,0,10,17,13,0,9,0,8,0,0,0,0,2,0,5,1,2,6,0,0,1,0,0,0,0,0,78,0,0,0,6,0,0,0,0,1,3,0,0,0,0,3,0,0,0,0,0,2,0,0,0,0,0,0,0,0,15,3,0,0,0,0,0,0,0,0,8,0,0,2,0,0,0,1,0,0,0,0,77,3,0,0,0,0,3,0,0,22,11,0,0,1,1,0,0,0,0,0,0,0,0,0,0,1,0,0,0,0,0,0,0,0,0,0,0,0,0,0,0,0,0,0,0,0,0,0,0,0,0,0,0,0,0,0,0,0,0,0,0,0,0,1,0,0,0,0,0,0,0,0,0,0,0,0,0,0,0,0,0,0,0,0,0,0,0,0,0,0,0,0,0,0,0
5,2018-01-18,18,140,2018,1,Winter,6.4,NA,NA,NA,NA,NA,NA,0,12,16,5,0,11,0,17,0,0,2,0,2,0,0,58,28,11,3,0,1,0,0,4,0,0,90,139,0,0,0,0,0,0,0,2,4,2,2,0,1,3,0,0,0,0,0,2,0,0,1,2,0,1,0,0,4,1,0,0,0,0,0,0,0,0,0,0,0,0,0,0,0,0,0,0,0,0,87,3,0,0,0,0,0,0,0,20,20,0,0,0,0,0,0,0,0,0,0,0,0,2,0,0,0,0,0,0,2,0,0,0,0,0,0,0,0,0,0,0,0,0,0,0,0,0,0,0,0,0,0,0,0,0,0,0,0,0,0,0,0,0,0,0,0,0,0,0,0,0,0,0,0,0,0,0,0,0,0,0,0,0,0,0,0,0,0,0,0,0,0,0,0
6,2018-02-15,46,168,2018,1,Winter,6.4,NA,NA,NA,NA,NA,NA,0,11,18,2,0,2,0,12,0,0,2,0,3,0,3,25,0,5,0,0,1,0,8,0,0,0,67,90,0,2,2,4,2,0,0,2,2,1,0,0,5,7,0,0,0,0,0,0,0,0,0,0,0,0,0,0,106,3,0,0,1,0,0,0,0,0,6,0,0,0,0,16,0,0,0,0,0,0,2,7,0,0,0,0,2,0,0,26,12,0,0,2,2,0,0,0,0,0,0,0,0,2,0,0,0,0,0,0,0,0,3,0,0,0,0,0,0,0,0,0,0,0,0,0,0,0,0,0,0,0,0,0,0,0,0,0,0,0,0,0,0,1,0,0,0,0,0,0,0,0,0,0,0,2,0,0,0,0,0,0,0,0,0,0,0,0,0,0,0,0,0,0,0
7,2018-03-30,89,211,2018,1,Spring,4.9,NA,NA,NA,NA,NA,NA,0,7,6,11,0,3,0,3,0,0,0,50,0,0,8,23,0,5,2,1,1,0,19,9,0,1,19,117,1,3,0,13,2,0,0,0,12,0,1,0,0,12,1,0,0,0,0,0,0,0,0,0,1,0,0,2,31,4,0,0,9,0,0,0,6,0,7,0,0,0,9,12,6,3,0,0,0,0,0,58,3,0,0,0,1,15,0,35,23,0,0,0,0,0,0,0,0,0,0,0,0,3,0,0,0,0,1,36,0,0,2,0,0,0,0,0,0,0,0,0,0,0,0,0,0,0,0,0,0,1,0,0,0,0,0,0,0,0,0,0,0,0,0,0,0,1,0,0,0,0,0,0,0,1,0,0,0,0,0,0,0,0,0,0,0,0,0,0,0,0,1,0,0
8,2018-04-20,110,232,2018,1,Spring,5.4,NA,NA,NA,NA,NA,NA,0,6,4,8,0,2,0,7,0,0,0,31,3,0,7,8,0,6,5,1,1,0,14,0,1,0,17,0,0,6,0,3,2,0,0,5,15,1,1,0,1,26,0,0,4,2,0,0,0,0,1,0,0,0,2,9,6,1,0,0,0,0,0,15,7,2,7,0,0,0,0,8,6,0,0,0,1,0,0,80,0,1,0,0,0,9,0,0,2,0,0,0,0,0,0,2,0,0,0,0,0,1,0,0,0,0,5,0,0,0,3,0,0,0,0,0,0,0,0,0,0,0,0,0,0,0,0,0,0,2,0,0,0,0,0,0,0,0,0,0,0,0,0,0,0,0,0,0,0,0,0,0,0,0,0,0,0,2,0,0,0,0,0,0,0,0,0,0,0,0,0,0,0
9,2018-05-30,150,272,2018,1,Spring,5.3,NA,NA,NA,NA,NA,NA,1,15,8,14,0,2,0,24,0,0,0,166,0,0,74,0,5,5,2,0,7,0,5,5,6,1,37,0,2,4,1,1,3,0,0,5,5,0,0,0,1,0,0,0,3,4,0,0,0,0,0,0,0,0,2,4,0,1,0,0,1,0,1,3,0,0,3,1,0,0,0,0,0,3,0,0,0,0,0,0,0,0,0,0,0,0,0,0,0,2,0,0,0,0,0,0,0,0,0,0,0,2,0,0,0,0,1,3,0,0,0,0,0,0,0,0,0,0,0,0,0,0,0,0,0,0,0,0,0,0,0,0,0,0,0,0,0,0,0,0,0,0,0,0,0,0,0,0,0,0,0,0,0,0,0,0,1,0,0,0,0,0,0,0,0,0,0,0,0,0,0,0,0
10,2018-06-18,169,291,2018,1,Summer,5.5,NA,NA,NA,NA,NA,NA,0,10,4,6,0,4,0,33,0,0,1,100,0,0,97,0,4,9,0,0,7,0,4,0,27,1,26,0,0,1,0,0,1,0,0,1,10,2,0,0,1,2,0,0,3,2,0,0,0,1,0,0,2,0,2,4,0,2,0,0,0,0,0,0,1,0,4,0,0,0,0,0,0,0,0,0,0,0,0,0,0,0,0,0,0,0,0,0,0,0,0,0,0,0,0,0,0,0,0,0,0,0,0,0,0,0,0,2,0,0,3,0,0,0,0,0,0,0,0,0,0,0,0,0,0,0,1,0,0,0,0,0,0,0,0,0,0,0,0,0,0,0,0,0,0,0,0,0,0,0,0,0,0,0,0,0,0,0,0,0,0,0,0,0,0,0,0,0,0,0,0,0,0
11,2018-07-13,194,316,2018,1,Summer,5,NA,NA,NA,NA,NA,NA,1,5,5,8,0,6,0,32,0,0,0,42,0,0,37,10,6,5,3,0,3,0,0,18,7,0,2,0,1,4,0,0,0,1,0,5,4,0,2,0,9,29,0,0,2,0,0,0,0,0,0,0,4,1,0,0,11,1,0,0,0,0,0,2,0,0,6,0,0,0,0,0,0,1,0,0,0,0,0,0,0,0,0,0,0,0,0,0,0,0,0,0,0,0,0,0,0,0,0,0,0,0,0,0,0,0,0,0,0,0,0,0,0,0,0,0,0,0,0,0,0,0,0,0,0,0,0,0,0,0,0,0,0,0,0,0,0,0,0,0,0,0,0,0,0,0,0,0,0,0,0,0,0,0,0,0,0,0,0,0,0,0,0,0,0,0,0,0,1,0,0,0,0
12,2018-08-22,234,356,2018,1,Summer,4.8,NA,NA,NA,NA,NA,NA,40,16,8,11,0,1,2,38,0,0,1,3,2,0,25,2,46,3,1,1,1,0,1,6,3,40,15,6,6,0,0,0,1,3,1,18,88,0,0,0,0,19,0,2,6,1,0,0,0,0,0,0,2,0,0,0,13,0,0,0,0,4,0,0,7,0,7,0,0,0,0,0,0,1,0,0,0,0,0,0,0,0,0,0,0,0,0,0,0,0,0,0,0,0,0,0,0,0,0,0,0,0,0,0,0,0,0,0,0,0,2,0,0,8,0,0,0,0,0,0,0,0,0,0,0,0,0,0,0,0,0,0,0,0,0,0,0,0,2,0,0,0,0,0,0,0,0,0,0,1,0,0,0,0,0,0,0,0,0,0,0,0,0,0,0,0,0,0,0,0,0,0,0
13,2018-09-20,263,20,2018,2,Fall,4,NA,NA,NA,NA,NA,NA,1,13,10,12,0,4,0,36,1,0,2,0,7,0,1,15,61,13,7,1,5,0,1,28,7,3,33,1,5,12,1,26,1,0,0,13,5,0,3,0,2,66,0,2,0,1,0,1,0,0,0,0,5,3,0,0,7,2,0,1,0,3,0,4,0,0,13,0,4,0,0,0,0,2,0,2,0,1,4,1,16,0,0,0,0,0,0,2,0,0,0,3,0,0,0,1,0,0,5,0,0,0,1,0,0,0,0,1,0,0,0,0,0,7,1,0,0,1,0,0,0,1,0,0,0,0,0,0,0,0,0,0,0,0,0,0,0,0,0,0,0,0,0,0,0,0,1,0,0,0,1,0,0,0,0,0,1,13,0,0,0,0,0,0,0,0,0,0,0,0,0,0,0
14,2018-10-24,297,54,2018,2,Fall,4.6,NA,NA,NA,NA,NA,NA,0,16,9,10,1,7,0,21,0,0,2,0,4,0,17,115,46,12,4,2,1,0,0,0,0,0,4,0,0,7,0,2,1,0,0,4,4,1,1,0,3,6,0,0,0,0,0,1,0,0,0,0,1,0,0,0,0,0,0,1,0,0,0,24,0,0,8,0,0,0,0,0,0,0,0,0,0,0,70,3,4,0,0,0,5,6,0,94,65,0,0,5,0,0,0,2,0,0,0,0,0,0,0,1,0,0,0,0,0,0,3,0,0,6,0,0,0,0,0,0,0,1,0,0,0,0,0,0,0,0,0,0,0,0,0,1,0,0,0,0,0,0,0,0,0,0,0,0,0,0,0,0,2,1,0,1,0,0,0,0,2,0,0,0,0,0,1,1,0,0,0,0,0
15,2018-11-16,320,77,2018,2,Fall,4.2,NA,NA,NA,NA,NA,NA,0,6,11,9,1,8,0,14,0,1,4,0,1,0,38,9,24,11,10,0,1,0,0,11,0,1,32,0,0,1,0,4,0,1,0,2,8,0,0,0,5,1,0,6,0,0,0,0,0,0,0,0,2,0,0,0,0,0,0,0,10,0,0,13,0,0,2,0,0,0,0,0,0,1,0,0,0,0,29,9,0,1,0,0,7,0,0,71,31,0,0,8,6,1,0,0,0,0,1,0,0,0,0,0,0,0,0,0,0,0,0,1,0,3,0,0,0,2,0,0,0,1,0,0,0,0,0,0,0,0,0,0,0,0,0,0,0,0,0,0,0,0,0,0,0,0,0,0,0,0,0,0,0,0,0,1,0,0,0,0,0,0,3,0,0,0,0,0,0,0,1,1,0
16,2018-12-19,353,110,2018,2,Winter,6.65,NA,NA,NA,NA,NA,NA,0,6,9,12,0,6,0,63,0,2,1,0,5,0,25,25,20,14,3,0,0,0,13,12,4,1,74,120,0,14,1,3,1,0,0,3,4,2,0,0,1,13,0,1,0,0,0,4,0,0,0,0,1,0,0,0,30,1,0,0,0,0,0,1,0,0,10,0,0,0,4,0,3,0,0,0,0,0,14,18,0,0,1,0,111,0,0,74,27,0,0,8,4,2,0,0,0,0,17,0,0,0,0,0,0,0,0,0,0,0,0,0,0,0,0,0,0,1,0,0,0,2,0,0,0,0,0,0,0,1,0,0,0,2,0,0,0,0,0,0,0,1,0,0,0,0,0,0,0,0,0,0,0,0,0,1,0,0,0,2,0,0,0,0,0,0,1,0,0,0,0,0,0
17,2019-01-22,22,144,2019,2,Winter,4.95,NA,NA,NA,NA,NA,NA,1,4,12,13,0,7,0,9,0,0,1,0,1,0,23,70,0,12,4,1,4,0,13,8,2,2,133,20,4,0,2,8,1,0,0,11,4,0,2,0,1,1,0,0,0,0,0,1,0,0,0,0,0,0,0,0,156,0,0,0,0,0,0,0,0,0,1,0,0,0,18,5,0,2,0,0,0,0,5,32,0,0,0,0,123,0,0,47,32,35,0,3,2,1,0,1,0,0,0,0,3,3,0,0,0,0,0,3,0,0,0,0,0,0,0,0,0,0,0,0,0,0,0,0,0,0,0,0,0,0,0,0,0,2,0,0,7,0,6,2,0,2,0,0,0,0,0,0,0,0,0,0,0,5,0,0,0,0,0,2,0,0,0,0,2,0,0,0,0,0,0,0,0
18,2019-02-20,51,173,2019,2,Winter,5,NA,NA,NA,NA,NA,NA,0,1,12,11,1,7,0,18,0,1,1,0,1,0,12,50,4,6,1,0,2,0,30,15,2,1,76,11,0,3,1,11,1,0,0,1,5,0,2,0,1,2,0,2,0,0,0,0,0,1,0,0,0,0,0,0,38,2,0,0,5,0,0,0,0,0,7,0,0,0,17,5,11,2,0,0,0,0,0,17,0,0,0,0,87,0,2,45,16,1,8,2,2,2,0,5,0,1,0,0,2,2,0,0,0,0,0,0,4,0,1,0,0,0,0,0,0,1,0,0,0,2,0,0,0,0,0,0,0,0,0,0,0,0,0,0,14,0,0,0,0,2,0,0,0,0,0,0,0,0,0,0,0,2,0,0,0,0,0,0,0,0,0,0,1,0,0,0,0,0,2,0,0
19,2019-03-22,81,203,2019,2,Spring,6,NA,NA,NA,NA,NA,NA,3,5,8,25,0,2,0,16,0,0,0,25,4,0,4,40,5,8,0,0,1,0,17,3,9,1,19,0,0,2,1,18,3,0,0,0,15,0,1,0,3,18,0,4,2,0,0,0,0,0,0,0,0,0,1,4,0,3,0,0,0,0,0,5,6,0,4,0,0,0,14,6,1,2,0,0,0,0,2,31,5,0,0,0,57,8,0,27,17,0,0,0,1,0,0,5,0,1,0,0,0,1,0,0,0,0,0,0,1,0,0,0,0,0,0,0,0,0,0,0,0,0,0,0,0,0,0,0,0,0,0,0,0,0,0,0,1,0,0,0,0,0,0,0,0,0,0,0,0,0,0,0,0,2,0,0,0,0,0,0,0,0,0,0,0,0,0,0,0,0,0,0,0
20,2019-04-19,109,231,2019,2,Spring,5.8,NA,NA,NA,NA,NA,NA,4,8,5,15,1,2,0,17,0,1,0,150,4,0,10,1,0,4,3,1,1,0,11,7,2,2,18,0,0,3,0,0,0,0,0,1,19,1,0,0,3,0,0,2,2,0,0,0,0,0,0,0,0,0,0,0,4,3,0,0,0,0,1,6,0,0,0,0,0,0,0,0,1,2,0,0,0,0,0,17,0,0,0,0,13,3,0,1,0,0,0,0,0,0,0,1,0,0,0,0,0,0,0,0,0,0,0,0,0,0,0,0,0,3,0,0,0,0,0,0,0,0,0,0,0,0,0,0,0,0,0,0,0,0,0,0,0,0,0,0,0,0,0,0,0,0,0,0,0,0,0,0,0,0,0,0,0,0,0,0,0,0,0,0,0,0,0,0,0,0,1,0,0
21,2019-05-17,137,259,2019,2,Spring,6.2,NA,NA,NA,NA,NA,NA,8,12,5,10,0,1,0,19,0,0,0,90,1,0,41,0,20,6,1,0,4,0,8,1,9,0,19,19,1,0,2,3,7,0,0,4,55,1,0,0,1,1,0,0,0,0,0,0,0,0,0,0,1,0,1,4,13,0,0,0,0,0,0,0,0,0,4,0,0,0,0,0,0,3,0,0,0,0,0,0,0,0,0,0,1,0,0,0,0,0,0,0,0,0,0,0,0,0,0,0,0,0,0,0,0,0,0,0,0,0,0,0,0,2,0,0,0,0,0,0,0,0,0,0,0,0,2,0,0,0,0,0,0,0,0,0,0,0,0,0,0,0,0,0,0,0,0,1,0,0,0,0,0,0,0,0,0,0,1,0,0,0,0,0,0,0,0,0,1,2,0,0,0
22,2019-06-19,170,292,2019,2,Summer,6.55,NA,NA,NA,NA,NA,NA,1,4,7,20,0,3,0,21,0,0,0,125,8,1,14,0,3,8,0,0,5,2,13,5,0,1,16,0,0,0,0,65,3,0,0,0,1,0,0,0,2,0,2,1,0,1,0,0,0,0,0,0,0,0,1,3,0,0,0,0,0,0,0,3,0,0,4,1,0,0,0,0,0,1,0,0,0,0,0,0,0,0,0,0,0,0,0,0,0,0,0,0,0,0,0,0,0,1,0,0,0,0,0,0,0,0,0,0,0,0,0,0,0,4,0,0,0,0,0,0,0,0,0,0,0,0,0,0,0,0,0,0,0,0,0,0,0,0,0,0,0,0,0,0,0,0,0,0,0,0,0,0,0,0,0,0,0,0,0,0,0,0,0,0,0,0,0,0,0,0,0,0,0
23,2019-07-24,205,327,2019,2,Summer,6.2,NA,NA,NA,NA,NA,NA,2,6,3,18,0,4,0,39,0,1,0,89,4,1,45,4,45,15,6,1,1,0,0,38,3,2,32,0,3,4,1,0,1,1,2,6,12,0,0,0,0,5,1,0,0,0,0,0,0,0,0,0,0,0,1,14,39,1,0,0,0,0,0,0,0,0,0,0,2,0,0,0,0,4,0,0,0,0,0,0,0,0,0,0,0,0,0,0,0,0,0,0,0,0,0,0,0,0,0,0,0,0,0,0,0,0,0,0,0,0,0,0,0,0,0,0,0,0,0,0,0,0,0,0,0,0,0,0,0,0,0,0,0,0,0,0,0,0,3,0,0,0,0,0,0,0,0,0,0,0,0,0,0,0,0,0,0,0,0,0,0,0,0,0,0,0,0,0,0,0,0,0,0
24,2019-08-14,226,348,2019,2,Summer,5.8,NA,NA,NA,NA,NA,NA,7,5,11,30,1,0,0,20,0,0,3,12,11,1,185,12,23,17,2,3,0,0,1,0,1,0,27,0,2,2,1,0,1,0,1,6,8,0,0,0,3,2,1,0,2,1,0,0,0,0,0,0,1,0,3,32,6,7,0,1,0,3,0,0,0,0,6,0,1,0,0,0,0,4,0,0,0,0,0,0,0,0,0,0,0,2,2,0,0,0,0,0,0,0,0,1,0,0,0,0,0,0,0,0,0,0,0,0,0,0,0,0,0,0,0,0,0,0,0,0,0,0,0,0,0,0,0,0,0,0,0,0,0,0,0,0,0,0,1,0,0,0,0,0,0,0,2,0,0,0,0,0,0,0,0,0,0,0,0,0,0,0,0,0,0,0,0,0,0,0,0,0,0
25,2019-09-12,255,12,2019,3,Fall,5.5,NA,NA,NA,NA,NA,NA,80,9,5,23,2,6,0,16,0,0,3,0,14,0,111,2,43,18,7,8,2,0,0,18,0,38,128,172,0,2,0,0,0,2,0,4,17,0,0,0,3,18,11,8,11,0,0,0,0,0,0,0,0,6,0,5,0,2,0,0,0,17,0,0,0,0,10,0,4,1,0,0,0,4,0,0,0,0,0,0,10,0,0,0,0,0,2,0,0,0,0,8,0,0,0,1,0,0,0,0,3,0,0,0,0,0,0,0,0,0,1,0,0,2,0,0,0,1,0,1,0,2,0,0,2,0,0,0,0,0,0,0,0,0,0,0,0,0,2,0,0,0,0,0,1,0,0,0,2,0,0,0,0,0,0,0,0,0,0,0,0,0,0,0,0,0,0,2,0,0,0,0,0
26,2019-10-25,298,55,2019,3,Fall,5,NA,NA,NA,NA,NA,NA,20,4,9,14,0,6,0,9,0,0,0,0,9,0,85,29,31,14,5,2,0,0,0,55,4,23,44,0,0,0,1,1,2,3,0,0,39,0,0,0,5,1,2,5,3,1,0,0,0,0,0,0,0,1,1,3,27,1,0,0,0,0,0,2,0,0,3,0,0,1,0,0,0,1,0,0,0,0,19,2,4,0,0,0,2,1,1,226,244,0,0,4,1,0,0,1,0,2,0,0,1,0,0,0,0,0,0,0,0,0,0,0,0,0,0,0,0,3,0,0,0,0,0,0,0,0,0,0,0,0,0,0,0,0,0,0,0,0,0,0,0,0,0,0,0,0,0,0,0,0,0,1,0,0,0,0,0,0,0,0,0,0,0,0,0,0,2,0,0,0,0,0,0
27,2019-11-15,319,76,2019,3,Fall,4.85,NA,NA,NA,NA,NA,NA,3,0,13,11,0,6,0,17,0,0,0,0,5,0,61,3,30,12,6,6,2,0,0,3,5,4,56,0,0,0,1,0,4,1,0,1,12,4,2,0,2,0,0,4,2,0,0,1,0,0,0,1,0,1,0,0,105,1,0,0,0,0,0,21,0,0,6,0,0,9,0,0,0,1,0,0,0,0,27,23,16,0,0,0,2,0,1,85,147,0,0,20,6,1,0,1,0,0,0,0,0,0,0,0,0,0,0,0,0,0,0,1,0,1,1,0,0,1,0,0,0,0,0,0,0,0,1,0,0,0,0,0,0,0,0,1,0,0,0,0,0,0,1,0,0,0,0,0,0,0,0,1,0,0,0,1,0,0,0,0,0,0,0,0,0,0,0,0,0,0,0,0,0
28,2019-12-06,340,97,2019,3,Winter,7.25,NA,NA,NA,NA,NA,NA,0,2,8,20,0,7,0,15,0,0,5,0,8,0,113,0,3,8,3,4,3,0,0,38,0,4,57,0,0,0,1,0,1,1,0,1,12,0,4,0,3,0,1,2,4,0,0,1,0,0,1,0,2,2,0,8,109,0,0,0,0,0,0,7,0,0,4,0,0,1,0,11,1,2,0,0,0,0,60,1,11,0,0,0,56,0,1,67,162,0,0,19,4,1,0,1,0,4,7,0,0,3,0,1,0,0,0,2,1,0,0,0,0,0,1,0,0,2,0,0,0,0,0,0,0,0,1,0,0,0,0,0,0,0,0,0,16,0,0,0,0,0,3,0,0,0,0,0,0,0,0,0,0,0,0,0,0,0,0,0,0,0,0,0,0,0,0,0,0,0,0,0,0
29,2020-01-23,23,145,2020,3,Winter,9.4,NA,NA,NA,NA,NA,NA,0,4,15,22,0,10,1,43,0,0,1,0,11,0,10,0,24,8,4,1,1,0,5,0,0,1,44,0,1,0,2,0,2,1,0,3,4,1,0,0,0,0,1,10,1,0,0,2,0,0,0,2,0,0,0,2,210,3,0,0,3,0,0,0,0,0,4,0,0,0,28,1,10,1,0,0,0,0,16,2,4,0,0,0,180,0,5,53,35,19,0,11,6,0,0,1,0,4,0,0,0,15,0,0,0,0,1,4,0,0,3,0,0,0,2,0,0,2,0,0,0,1,0,0,0,0,0,0,0,0,0,0,0,2,0,0,0,0,1,0,0,2,1,0,0,0,0,0,0,0,0,0,0,1,3,0,0,0,0,1,0,0,0,2,0,4,0,0,0,0,0,0,0
30,2020-02-20,51,173,2020,3,Winter,9,NA,NA,NA,NA,NA,NA,0,7,8,16,0,4,0,12,0,0,0,0,5,0,27,0,9,3,10,1,0,0,14,7,0,0,27,0,0,0,1,3,1,0,0,0,9,0,1,0,2,4,0,9,1,0,0,0,0,0,1,0,0,0,0,37,60,2,0,0,0,0,0,5,0,0,5,0,0,1,75,2,4,1,0,0,0,0,31,26,1,0,0,0,162,19,0,36,13,75,0,3,0,0,0,0,0,1,0,4,18,29,0,0,0,1,10,0,0,0,0,0,0,0,0,0,0,0,0,0,0,1,0,0,0,0,0,0,0,0,0,0,0,0,0,0,0,0,0,0,0,2,0,0,0,0,0,0,0,0,0,0,0,3,2,0,0,0,0,0,0,0,0,1,1,0,0,0,0,0,0,0,0
31,2020-03-19,79,201,2020,3,Spring,4.9,NA,NA,NA,NA,NA,NA,13,6,9,18,1,5,0,11,0,0,0,47,4,1,18,1,0,6,0,2,1,0,13,3,0,2,23,0,15,2,1,1,1,0,1,1,19,0,0,0,5,1,0,0,1,1,0,0,0,0,1,0,0,1,1,40,4,5,0,0,26,0,0,0,20,0,4,0,0,4,125,0,3,1,0,0,0,0,55,6,1,0,0,0,189,28,4,12,16,4,2,4,1,1,0,2,0,1,6,0,0,40,0,6,0,0,21,4,0,0,0,0,0,3,0,0,0,1,0,0,0,1,0,0,0,0,1,0,0,0,0,0,0,0,0,0,0,0,0,0,0,0,1,0,0,0,0,0,0,0,0,0,0,4,0,0,0,0,0,0,0,0,0,1,0,0,0,0,0,0,0,0,0
32,2020-04-22,113,235,2020,3,Spring,NA,NA,NA,NA,NA,NA,NA,3,3,9,17,0,5,0,20,0,0,0,455,10,0,16,60,2,4,5,0,1,0,15,8,8,5,19,11,0,1,0,1,1,2,1,4,10,0,2,0,4,22,0,3,2,0,0,0,0,0,0,0,2,1,1,11,2,0,0,0,0,0,0,39,2,1,0,2,0,0,0,0,0,0,0,0,4,1,0,0,6,0,0,0,18,8,1,2,0,0,0,0,0,0,0,0,0,0,0,0,0,9,0,0,0,0,0,0,0,0,2,0,0,3,0,0,0,0,0,0,0,0,0,0,0,0,1,0,0,0,0,0,0,0,0,0,0,0,0,0,0,0,2,0,0,0,0,0,0,1,0,0,0,0,0,0,0,0,0,0,0,0,3,2,0,0,0,0,0,0,0,0,0
33,2020-05-20,141,263,2020,3,Spring,6.1,NA,NA,NA,NA,NA,NA,8,8,5,15,0,9,0,26,0,0,0,125,2,0,28,0,6,7,0,1,2,0,3,7,0,4,17,0,2,9,1,10,1,1,1,5,17,0,0,0,2,0,0,0,0,0,0,0,0,0,0,4,0,0,1,16,20,2,0,0,0,1,1,4,0,2,7,0,1,0,0,0,0,3,0,0,2,0,0,0,0,0,3,0,0,0,0,0,0,0,0,0,0,0,0,0,0,0,0,0,0,0,0,0,0,0,0,0,0,0,1,0,0,3,0,0,0,0,0,0,0,0,0,0,0,0,1,0,0,0,0,0,0,0,0,0,0,0,0,0,0,0,0,0,0,0,0,3,0,0,0,0,0,0,0,0,0,0,0,0,0,0,0,0,0,0,0,0,0,0,0,0,0
34,2020-06-24,176,298,2020,3,Summer,5.5,NA,NA,NA,NA,NA,NA,2,1,4,15,0,0,0,24,0,1,1,198,5,1,51,0,3,8,0,0,2,0,3,1,11,0,2,0,0,5,2,2,1,3,0,3,10,3,0,0,3,3,0,0,0,0,0,0,0,0,0,0,0,0,1,0,13,0,0,0,0,0,0,0,0,0,1,5,0,0,0,0,0,1,0,0,0,0,0,0,0,0,0,0,0,0,0,0,0,0,0,0,0,0,0,0,0,0,0,0,0,1,0,0,0,0,0,0,0,0,0,0,0,4,0,0,0,0,0,0,0,0,0,3,0,0,0,0,0,0,0,0,0,0,0,0,0,0,0,0,0,0,0,0,0,0,0,4,0,0,0,0,0,0,0,0,0,0,0,0,0,0,0,0,0,0,0,0,0,0,0,0,0
35,2020-07-10,192,314,2020,3,Summer,5.3,NA,NA,NA,NA,NA,NA,5,7,11,17,0,0,0,51,0,0,2,50,5,1,73,0,7,4,3,0,2,0,5,25,7,2,3,0,0,10,5,0,3,2,3,4,22,3,0,0,2,8,0,4,1,0,0,0,0,0,0,0,2,0,5,0,6,5,0,0,0,0,2,6,0,0,7,0,0,0,0,0,0,1,0,0,5,0,0,0,0,0,0,0,0,0,0,0,0,0,0,0,0,0,0,0,0,0,0,0,0,0,0,0,0,0,0,0,0,0,0,0,0,7,0,0,0,0,0,0,0,0,0,0,0,0,0,0,0,0,0,0,0,0,0,0,0,0,0,0,0,0,0,0,0,0,0,0,0,0,0,0,0,0,0,0,0,0,0,0,0,0,0,0,0,0,0,0,0,0,0,0,0
36,2020-08-12,225,347,2020,3,Summer,4.9,NA,NA,NA,NA,NA,NA,5,8,18,28,2,0,0,8,0,0,4,6,16,0,57,1,12,6,2,1,3,0,3,28,1,3,10,0,2,1,2,0,2,3,0,2,10,0,0,0,0,4,1,1,1,0,0,1,0,0,0,0,0,1,1,0,48,2,0,0,0,0,0,1,0,0,8,0,0,0,0,0,0,1,0,0,0,0,0,0,0,0,0,0,0,0,0,0,0,0,0,0,0,0,0,0,0,0,0,0,0,0,0,0,0,0,0,0,0,0,0,0,0,4,0,0,0,0,0,2,0,0,0,2,0,0,0,0,1,0,0,0,0,0,0,0,0,0,0,0,0,0,0,0,0,0,0,0,0,0,0,0,0,0,0,0,0,0,0,0,0,0,0,0,0,0,0,0,0,0,0,0,0
37,2020-09-11,255,11,2020,4,Fall,4.4,NA,NA,NA,NA,NA,NA,0,4,14,28,1,6,0,16,0,1,2,2,11,1,9,0,6,12,1,7,0,0,0,28,1,0,3,2,0,0,1,0,1,2,1,0,9,0,0,0,1,24,0,0,0,0,0,0,0,0,0,0,0,1,0,0,0,0,0,0,0,0,0,0,0,0,2,0,0,0,0,0,0,0,0,1,0,0,0,0,0,0,0,0,0,0,0,0,0,0,0,7,0,0,0,0,0,0,0,0,0,0,0,0,0,0,0,0,0,0,0,0,0,2,0,0,0,0,0,1,0,0,0,0,0,0,0,0,0,0,0,0,0,0,0,0,0,0,0,0,0,0,0,0,0,0,0,0,0,0,0,0,0,0,0,0,0,0,0,0,0,0,0,0,0,0,0,0,0,0,0,0,0
38,2020-10-23,297,53,2020,4,Fall,4.1,NA,NA,NA,NA,NA,NA,0,7,11,26,0,14,0,25,0,0,0,0,10,1,22,23,31,8,5,7,2,0,4,30,7,2,29,0,0,1,0,1,4,2,0,0,57,0,0,0,6,1,0,0,0,0,0,1,0,0,0,0,0,1,0,0,0,2,0,0,0,0,0,0,0,0,6,0,0,0,0,0,0,2,0,0,0,0,73,0,1,0,0,0,0,0,0,73,210,0,0,17,4,1,0,0,0,3,0,0,5,0,0,0,0,0,0,0,0,0,0,0,0,0,1,0,0,6,0,1,0,0,0,0,0,0,0,0,0,0,0,0,0,0,0,0,0,0,0,0,0,0,0,0,0,0,0,0,0,0,0,0,0,0,0,0,0,0,0,0,0,0,0,0,0,0,0,0,0,0,0,0,0
39,2020-11-19,324,80,2020,4,Fall,4.1,NA,NA,NA,NA,NA,NA,0,9,10,39,0,6,0,5,0,1,1,0,15,0,6,0,9,6,2,10,1,0,0,15,0,0,16,0,0,2,1,0,0,0,0,0,20,0,0,0,2,0,0,0,0,0,0,0,0,0,0,0,4,2,0,0,10,0,0,0,0,0,0,0,0,0,0,0,0,0,0,0,0,0,0,0,0,0,19,0,5,0,0,0,0,0,0,136,62,0,0,37,9,2,1,0,0,4,0,0,0,0,0,0,0,0,0,0,0,0,0,1,0,0,0,0,0,8,0,1,0,0,0,0,0,0,0,0,0,0,0,0,0,0,0,2,0,0,0,0,0,0,0,0,0,0,0,0,0,0,0,0,0,0,1,1,0,0,0,0,0,0,0,0,0,0,0,0,0,0,0,0,0
40,2020-12-15,350,106,2020,4,Winter,4,NA,NA,NA,NA,NA,NA,0,6,18,19,1,5,0,6,0,1,1,0,21,2,0,15,16,9,2,7,7,0,0,20,0,1,27,0,0,0,0,3,4,3,1,0,21,3,3,0,4,0,1,0,0,0,0,4,0,0,0,0,1,0,0,0,73,0,0,0,0,0,0,3,0,0,3,0,0,0,0,0,0,0,0,0,0,0,0,0,8,0,0,0,0,0,0,91,24,0,0,28,6,2,0,0,0,3,0,0,0,0,1,0,0,0,0,0,3,0,0,0,0,0,0,0,0,3,0,0,0,0,0,0,0,0,0,0,0,0,0,0,0,0,0,0,0,0,0,0,0,0,2,0,0,0,0,0,0,0,0,0,0,0,2,0,0,0,0,0,0,0,0,0,0,0,0,0,0,0,0,0,0
41,2021-01-06,6,128,2021,4,Winter,6.4,NA,NA,NA,NA,NA,NA,1,3,23,12,0,8,0,28,0,0,1,0,15,0,36,3,11,11,1,0,3,0,0,45,0,0,62,0,0,0,2,0,2,1,0,0,102,2,0,0,4,0,20,0,0,0,0,3,0,0,0,0,1,0,0,2,18,7,0,0,0,0,0,2,0,0,0,0,0,0,0,2,0,0,0,0,0,0,10,10,0,0,0,0,38,0,5,62,21,0,0,18,8,1,0,2,0,2,2,0,0,4,0,0,0,0,23,1,0,0,0,0,0,0,1,0,0,0,0,0,0,0,0,0,0,0,0,0,0,0,0,0,0,1,0,0,0,0,0,0,0,0,1,0,0,0,0,0,0,0,0,0,0,0,0,1,0,0,0,5,0,0,0,0,0,0,0,0,0,0,0,0,0
42,2021-02-24,55,177,2021,4,Winter,5.1,NA,NA,NA,NA,NA,NA,2,4,14,20,0,3,0,35,0,0,0,0,6,0,8,29,12,7,1,0,4,0,0,14,1,1,39,0,0,9,2,4,3,2,1,2,47,1,5,0,5,2,2,0,1,0,1,0,0,0,0,1,0,0,0,8,6,3,0,1,1,0,0,0,2,0,4,0,0,0,7,0,0,1,0,0,0,0,37,1,3,0,0,0,61,7,2,19,25,1,0,2,4,1,0,1,0,3,0,0,0,1,0,3,0,0,2,0,0,0,1,0,0,0,0,0,0,2,0,0,0,3,0,0,0,0,0,0,0,0,0,0,0,0,0,0,0,0,0,0,0,0,2,0,0,0,0,0,0,0,0,0,0,0,1,0,0,0,0,0,0,1,0,0,0,0,0,0,0,0,0,0,0
43,2021-03-19,78,200,2021,4,Spring,5.95,NA,NA,NA,NA,NA,NA,1,3,13,28,1,5,0,35,0,0,0,0,9,0,5,6,1,9,1,3,2,0,0,6,0,1,19,0,0,14,0,8,0,3,2,1,15,1,2,0,1,3,0,0,2,0,0,0,0,1,1,0,2,0,0,2,6,0,0,0,6,0,0,2,5,0,6,0,0,0,4,10,0,1,0,0,0,0,22,48,1,0,0,0,17,10,1,5,5,6,0,2,5,2,0,0,0,4,0,0,0,0,0,3,0,0,2,1,2,0,0,0,0,5,0,0,0,0,0,0,2,0,0,0,0,0,0,0,0,0,0,0,0,5,0,0,0,0,0,0,0,0,1,0,0,0,0,0,0,0,0,0,0,0,1,0,0,0,0,0,0,0,0,0,0,0,0,0,0,0,0,0,0
44,2021-04-20,110,232,2021,4,Spring,5.5,NA,NA,NA,NA,NA,NA,1,9,10,14,1,2,0,59,0,0,0,220,8,0,9,1,5,0,1,1,2,0,1,7,4,4,3,7,0,11,1,7,0,4,0,2,7,3,3,0,2,127,2,3,0,0,0,0,0,0,0,0,2,1,1,28,9,2,0,0,0,0,0,7,0,1,6,0,0,0,0,3,0,0,0,0,1,2,0,4,3,0,0,0,14,0,0,1,0,2,0,1,0,0,0,3,0,1,0,0,0,0,0,0,0,0,27,0,0,0,0,0,0,0,0,0,0,0,0,0,0,0,0,0,1,0,0,0,0,0,0,0,0,0,0,0,0,0,0,0,0,0,0,0,0,0,0,0,0,0,0,0,0,0,0,0,0,0,0,0,0,0,0,0,0,0,0,0,0,0,0,0,0
45,2021-05-25,145,267,2021,4,Spring,5,NA,NA,NA,NA,NA,NA,1,7,6,25,0,8,0,38,0,0,0,119,9,0,58,0,6,11,1,0,4,0,4,18,3,1,12,1,3,9,3,5,0,5,0,0,18,0,2,0,2,0,0,3,1,3,0,0,0,2,0,0,3,0,0,12,10,0,0,0,0,0,0,1,0,0,6,2,0,0,0,0,1,1,0,0,0,0,0,0,0,0,1,0,0,0,0,0,0,0,0,0,0,0,0,0,0,0,0,0,0,0,0,0,0,0,0,0,0,0,1,0,0,3,0,0,0,0,0,0,0,0,0,0,0,0,0,0,0,0,0,0,0,0,0,0,0,0,0,0,0,0,0,0,0,0,0,0,0,0,0,0,0,0,0,0,0,0,0,0,0,0,0,0,0,0,0,0,0,0,0,0,0
46,2021-06-24,175,297,2021,4,Summer,4.8,NA,NA,NA,NA,NA,NA,1,10,12,18,1,6,0,81,0,0,0,29,10,0,22,0,5,8,4,1,2,0,1,0,8,1,1,0,0,4,3,0,2,6,0,6,13,2,2,0,3,0,0,0,0,0,0,2,0,1,0,0,0,0,1,0,5,3,0,1,0,0,0,3,0,0,13,0,0,0,0,0,0,2,0,0,1,0,0,0,0,0,0,0,0,0,1,0,0,0,0,0,0,0,0,0,0,0,0,0,0,0,0,0,0,0,0,0,0,0,1,0,0,1,0,0,0,0,0,0,0,0,0,0,0,0,0,0,0,0,0,0,0,0,0,0,0,0,0,0,0,0,0,0,0,0,0,1,0,0,0,0,0,0,0,0,0,0,0,0,0,0,0,0,0,0,0,0,0,0,0,0,0
47,2021-07-22,203,325,2021,4,Summer,4.4,NA,NA,NA,NA,NA,NA,0,11,18,27,7,6,0,22,1,1,0,44,4,3,14,0,10,5,2,0,0,0,2,25,19,0,0,0,0,29,0,0,3,4,0,4,6,1,1,0,2,0,0,0,1,0,0,0,0,1,0,0,0,1,1,0,8,0,0,0,0,0,0,1,0,0,4,0,0,0,0,0,0,1,0,0,7,0,0,0,0,0,0,0,0,0,0,0,0,0,0,0,0,0,0,0,0,0,0,0,0,0,0,0,0,0,0,0,0,0,4,0,0,14,0,0,0,0,0,0,0,0,0,0,0,0,0,0,1,0,0,0,0,0,0,0,0,0,0,0,0,0,0,0,0,0,0,0,0,0,0,0,0,0,0,0,0,0,0,0,0,0,0,0,0,0,0,0,0,0,0,0,0
48,2021-08-17,229,351,2021,4,Summer,4.1,NA,NA,NA,NA,NA,NA,0,10,8,20,3,4,0,6,0,0,1,50,9,0,0,0,14,7,1,0,1,0,0,46,0,1,0,0,0,26,0,0,3,1,0,8,6,1,0,0,2,42,0,0,1,0,0,0,0,0,0,0,1,0,1,0,0,0,0,0,0,0,0,0,0,0,8,0,0,0,0,0,0,0,0,0,0,0,0,0,0,0,0,0,0,0,0,0,0,0,0,0,0,0,0,0,0,0,0,0,0,0,0,0,0,0,0,0,0,0,0,0,0,0,0,0,0,0,0,0,0,0,0,0,0,0,0,0,0,0,0,0,0,0,0,0,0,0,0,0,0,0,0,0,0,0,0,0,0,0,0,0,0,0,0,0,0,0,0,0,0,0,0,0,0,0,0,0,0,0,0,0,0
49,2021-09-20,263,20,2021,5,Fall,NA,NA,NA,NA,NA,NA,NA,1,7,5,17,4,3,0,16,0,0,2,0,14,1,9,2,11,9,4,3,3,0,1,12,0,1,0,0,10,29,0,7,4,5,0,10,23,0,0,0,2,11,0,1,0,0,0,1,0,2,0,0,0,8,0,0,0,0,0,1,0,8,0,0,0,0,7,0,5,0,0,0,0,0,0,0,0,0,1,0,10,0,0,0,0,0,0,11,2,0,0,4,0,0,0,0,0,1,0,0,0,0,0,0,0,0,0,0,0,0,0,0,0,0,1,0,0,0,0,0,0,0,0,0,0,0,0,0,0,0,0,0,0,0,0,0,0,0,0,0,0,0,0,0,1,0,0,0,0,0,0,0,0,0,0,0,0,0,0,0,1,0,0,0,0,0,0,0,0,0,0,0,0
50,2021-10-29,302,59,2021,5,Fall,5.7,NA,NA,NA,NA,NA,NA,0,4,16,10,1,7,0,69,0,0,0,0,8,0,17,6,23,10,10,5,1,0,0,2,0,1,25,0,0,12,0,20,2,2,0,0,73,1,0,0,3,0,0,3,0,1,1,0,0,0,0,0,2,5,0,0,10,0,0,1,0,0,0,4,0,0,0,0,0,0,0,0,0,2,0,0,0,0,21,0,12,0,0,0,1,0,0,130,58,0,0,4,4,0,0,1,0,0,0,3,0,0,0,0,0,0,0,0,0,0,0,0,0,2,1,0,0,1,0,0,0,0,0,0,1,0,0,0,0,0,0,0,0,0,0,1,0,0,0,0,0,0,0,0,0,0,0,0,0,0,0,0,0,2,0,0,0,0,0,0,0,0,0,0,0,0,0,0,0,0,0,0,0
51,2021-11-19,323,80,2021,5,Fall,5.5,NA,NA,NA,NA,NA,NA,0,8,14,17,0,6,0,9,0,0,0,0,10,0,27,11,25,10,2,1,4,0,0,65,0,1,66,0,0,30,2,0,4,1,0,2,11,2,0,0,4,0,1,1,0,0,0,1,0,0,0,0,0,0,0,0,4,0,0,1,0,0,0,1,0,0,0,0,0,1,0,0,0,0,0,0,0,0,40,7,48,0,0,0,9,0,0,152,47,11,0,8,6,0,0,0,0,1,0,0,0,0,0,0,0,1,2,0,0,0,0,1,0,0,0,0,0,3,0,0,2,1,0,0,0,0,0,0,0,0,0,0,0,0,0,1,0,0,0,0,0,0,0,0,0,0,0,0,0,0,0,0,0,0,1,0,0,0,0,0,0,0,0,0,0,0,0,0,0,0,0,0,0
52,2021-12-16,350,107,2021,5,Winter,7.3,NA,NA,NA,NA,NA,NA,0,2,24,11,0,6,0,26,0,0,0,0,8,1,57,1,16,9,1,1,4,0,2,18,0,2,91,0,0,1,3,1,1,1,0,1,55,0,1,0,3,0,0,5,1,0,0,3,0,0,0,0,0,0,0,17,52,6,0,0,0,0,0,0,0,0,0,0,0,0,6,0,0,0,0,0,0,0,24,7,16,0,0,0,7,0,1,108,30,0,0,5,6,0,0,0,0,0,0,0,0,2,0,0,0,0,11,0,0,0,0,0,0,0,0,0,0,1,0,0,0,1,0,0,0,0,0,0,0,0,0,0,0,0,0,0,0,0,0,0,0,0,0,0,0,0,0,0,0,0,0,0,0,1,0,0,0,0,0,0,0,0,0,0,0,0,0,0,0,0,0,0,0
53,2022-01-10,10,132,2022,5,Winter,4.7,NA,NA,NA,NA,NA,NA,2,0,19,17,0,7,0,24,0,0,0,0,7,0,10,12,6,8,6,0,2,0,0,10,0,2,19,10,0,3,0,1,1,6,0,0,101,2,0,0,3,6,4,2,3,0,0,0,0,0,0,0,0,0,0,7,109,1,0,0,0,0,0,0,0,0,7,0,0,0,40,0,1,0,0,0,0,0,28,8,10,0,0,0,50,0,1,63,44,13,0,4,4,0,0,0,0,1,7,0,0,0,0,0,0,0,0,0,8,0,0,0,0,0,0,0,0,0,0,0,0,0,0,0,0,0,0,0,0,0,0,0,0,15,0,0,0,0,0,0,0,0,0,0,0,0,0,0,0,0,0,0,0,0,0,0,0,0,0,1,0,0,0,0,0,0,0,0,0,0,0,0,0
54,2022-02-24,55,177,2022,5,Winter,6,NA,NA,NA,NA,NA,NA,2,7,15,20,0,7,0,80,0,0,0,0,12,0,19,14,13,8,3,1,0,0,2,3,0,1,24,1,0,16,1,5,1,5,0,0,15,2,0,0,0,0,0,2,2,0,0,0,0,1,0,0,0,2,0,13,2,0,0,0,6,0,0,1,0,0,10,0,0,0,33,0,1,0,0,0,0,0,16,22,6,0,0,0,33,2,2,49,21,0,0,6,6,0,0,1,0,1,2,0,0,1,0,0,0,4,5,1,0,0,0,0,0,0,0,0,0,0,0,0,0,0,0,0,0,0,0,0,0,0,0,0,0,13,0,0,0,0,0,0,0,2,0,0,0,0,0,0,0,0,0,0,0,0,0,0,0,0,0,0,0,0,0,0,0,0,0,0,0,0,0,0,0
55,2022-03-16,75,197,2022,5,Spring,NA,NA,NA,NA,NA,NA,NA,3,4,9,21,0,2,0,15,0,1,0,18,9,0,18,18,24,5,2,0,0,0,5,4,4,1,27,0,0,10,1,3,0,8,0,2,14,0,2,0,0,0,0,3,0,0,0,0,0,0,0,1,0,0,0,16,14,3,0,0,0,0,0,10,0,0,2,0,0,0,15,5,15,0,0,0,0,0,30,21,1,5,0,0,51,0,1,25,16,0,0,1,2,0,0,0,0,0,0,0,1,1,0,0,0,0,18,2,0,0,0,0,0,0,0,0,0,0,0,0,0,0,0,0,0,0,0,0,0,0,0,0,0,0,0,0,0,0,3,1,0,3,0,0,0,0,0,0,0,0,0,0,0,0,0,0,0,0,2,0,0,0,0,0,0,0,0,0,0,0,0,0,0
56,2022-04-20,110,232,2022,5,Spring,6.1,NA,NA,NA,NA,NA,NA,0,3,10,33,3,2,1,25,0,0,0,136,15,0,16,21,1,7,1,0,1,0,21,11,12,3,5,0,1,9,1,25,1,5,0,5,10,6,2,0,0,0,0,2,0,2,0,0,0,2,0,0,0,6,0,15,18,3,0,0,1,0,0,8,1,0,5,0,0,0,0,2,8,4,0,0,2,0,1,1,10,0,0,0,13,0,1,0,0,0,0,0,0,0,0,0,0,0,0,0,1,1,0,0,0,0,17,0,0,0,0,0,0,4,0,0,0,0,0,0,1,0,0,0,0,0,0,0,0,0,0,0,0,0,0,0,0,0,0,0,0,0,0,0,0,0,0,0,0,1,0,2,0,0,2,0,0,1,0,0,0,0,0,0,0,0,0,0,0,0,0,0,0
57,2022-05-16,136,258,2022,5,Spring,6,NA,NA,NA,NA,NA,NA,10,12,11,38,0,1,4,15,1,0,0,116,15,0,28,0,6,9,1,1,3,0,35,4,6,5,6,0,1,5,2,12,0,2,1,6,19,3,4,0,3,0,0,4,0,0,0,0,0,0,0,0,0,0,2,6,4,1,0,0,0,0,0,6,1,0,2,3,2,0,0,4,32,1,0,0,2,0,0,0,0,0,0,0,1,0,0,0,0,0,0,0,0,0,1,0,0,0,0,0,0,1,0,0,0,0,0,0,0,0,1,0,0,1,0,0,0,0,0,0,0,0,0,2,0,0,1,0,0,0,0,0,0,0,0,0,0,0,0,0,0,0,0,0,0,0,2,0,0,0,0,0,0,0,0,0,0,0,0,0,0,0,0,0,0,0,0,0,0,0,0,0,0
58,2022-06-24,175,297,2022,5,Summer,NA,NA,NA,NA,NA,NA,NA,0,5,8,6,2,5,0,40,0,0,0,4,2,0,16,0,8,1,3,0,2,0,0,8,5,0,0,0,0,6,4,3,1,3,0,3,2,2,2,0,2,0,0,0,0,0,0,0,0,0,0,0,0,0,1,0,5,0,0,0,0,0,0,2,0,0,4,0,0,0,0,0,0,0,0,0,0,0,0,0,0,0,0,0,0,0,0,0,0,0,0,0,0,0,0,0,0,0,0,0,0,0,0,0,0,0,0,0,0,0,0,0,0,0,0,0,0,0,0,0,0,0,0,0,0,0,0,0,0,0,0,0,0,0,0,0,0,0,0,0,0,0,0,0,0,0,0,0,0,0,0,0,0,0,0,0,0,0,0,0,0,0,0,0,0,0,0,0,0,0,0,0,0
59,2022-07-15,196,318,2022,5,Summer,4.9,NA,NA,NA,NA,NA,NA,1,8,20,13,2,2,0,39,0,2,0,85,2,0,6,0,11,10,3,0,3,0,3,18,18,1,0,0,0,20,3,0,0,1,0,3,10,0,2,0,0,0,0,0,2,0,6,0,0,0,0,0,0,0,1,0,98,0,0,0,0,0,0,0,0,0,3,0,0,0,0,0,0,2,0,0,0,0,0,0,0,0,0,0,0,0,0,0,0,0,0,0,0,0,0,0,0,0,0,0,0,0,0,0,0,0,0,0,0,0,0,0,0,8,0,0,0,0,0,0,0,0,0,0,0,0,0,0,0,0,0,0,0,0,0,0,0,0,0,0,0,0,0,0,0,0,2,2,0,0,0,0,0,0,0,0,0,0,0,0,0,0,0,0,0,0,0,0,0,0,0,0,0
60,2022-08-23,235,357,2022,5,Summer,4.3,NA,NA,NA,NA,NA,NA,0,11,13,36,0,2,1,6,0,3,0,7,13,0,0,8,13,8,2,1,0,0,1,19,14,4,1,0,0,22,0,21,3,6,0,12,23,0,3,0,0,1,1,0,1,0,4,0,0,0,1,0,0,0,0,0,0,0,0,1,0,7,0,0,0,0,5,0,0,0,0,0,0,0,0,0,0,0,0,0,0,0,0,0,0,0,0,0,0,0,0,0,0,0,0,0,0,0,0,0,0,0,0,0,0,0,0,0,0,0,0,0,0,0,0,0,0,0,0,0,0,1,0,0,0,0,0,0,0,0,0,0,0,0,0,0,0,0,2,0,0,0,0,0,0,0,0,0,0,0,0,0,0,0,0,0,0,0,0,0,0,0,0,0,0,0,0,0,0,0,0,0,0
61,2022-09-23,266,23,2022,6,Fall,NA,NA,NA,NA,NA,NA,NA,0,9,12,14,1,7,0,73,2,1,1,0,8,0,0,0,4,12,3,0,1,0,0,19,2,1,2,0,0,45,0,18,2,5,1,10,8,0,2,0,2,1,0,0,0,0,2,1,0,0,0,0,0,7,0,0,0,0,0,2,0,0,1,0,0,0,3,0,8,0,0,0,0,2,0,0,3,0,7,0,7,0,0,0,0,0,0,35,2,0,0,7,0,0,0,1,0,0,0,0,0,0,0,0,0,0,0,0,0,0,1,0,0,2,0,0,0,2,0,0,0,1,0,0,0,0,0,0,0,0,0,0,0,0,0,0,0,0,0,0,0,0,0,0,0,0,0,0,0,0,0,0,0,0,0,0,1,0,0,0,0,0,0,0,0,0,0,0,0,0,0,0,0
62,2022-10-28,301,58,2022,6,Fall,NA,NA,NA,NA,NA,NA,NA,0,11,14,24,4,7,0,52,0,1,0,0,19,1,1,0,18,5,7,3,0,0,2,25,1,1,11,0,0,38,0,0,6,1,0,0,9,0,0,0,4,0,0,0,0,0,1,0,0,1,0,0,0,1,0,0,35,0,0,1,0,0,0,3,0,0,11,0,0,0,0,0,0,1,0,0,0,0,12,2,21,0,0,0,0,0,0,59,30,0,0,8,1,0,3,1,0,1,0,0,0,0,0,2,0,0,0,0,0,0,1,0,0,1,1,0,0,4,0,1,0,1,0,0,0,0,0,0,0,0,0,0,0,0,0,0,0,0,0,0,0,0,0,0,0,0,0,0,0,0,0,0,0,0,0,2,0,0,0,0,0,0,0,0,0,0,0,0,0,0,0,0,0
63,2022-11-10,314,71,2022,6,Fall,NA,NA,NA,NA,NA,NA,NA,0,12,14,23,2,5,0,38,0,0,0,0,12,0,24,2,12,8,4,4,1,0,0,30,3,1,44,0,0,4,1,2,4,2,0,1,6,0,0,0,0,0,0,0,1,0,0,2,0,0,0,0,0,1,0,0,0,0,0,0,0,0,0,0,0,0,3,0,0,1,0,0,0,1,0,0,0,0,13,8,70,0,0,0,0,0,0,82,37,0,0,7,4,0,6,2,0,0,3,0,0,0,0,0,0,0,0,0,0,0,0,1,0,0,2,0,0,6,0,0,0,0,0,0,0,0,0,0,0,0,0,0,0,0,0,1,0,0,0,0,0,0,0,0,0,0,0,0,0,0,0,0,0,0,0,0,0,0,0,0,0,0,0,0,0,0,0,0,0,0,0,0,0
64,2022-12-06,340,97,2022,6,Winter,NA,NA,NA,NA,NA,NA,NA,0,8,15,18,0,5,0,46,0,1,0,0,10,1,23,0,3,11,5,0,2,0,6,16,0,1,53,0,0,19,0,3,8,3,0,0,5,3,0,0,1,0,0,0,0,0,0,1,0,0,0,0,0,0,0,3,35,5,0,0,0,0,0,0,0,0,4,0,2,1,0,1,0,0,0,0,0,0,29,5,58,0,0,0,6,0,0,65,26,0,0,2,4,0,0,0,0,1,0,0,0,0,0,0,0,0,0,0,0,0,5,0,0,0,0,0,0,2,0,0,0,0,0,0,0,0,0,0,0,0,0,0,0,0,0,0,0,0,0,0,0,1,0,0,0,0,0,0,0,0,0,0,0,0,1,0,0,0,0,0,0,0,0,0,0,0,0,0,0,0,0,0,0
65,2023-01-24,24,146,2023,6,Winter,NA,NA,NA,NA,NA,NA,NA,1,5,9,29,1,7,0,42,0,0,0,0,5,2,22,10,14,2,1,0,1,0,2,36,1,1,18,0,0,7,0,8,2,0,1,2,9,2,1,0,0,1,0,2,4,0,0,0,0,1,1,0,0,1,0,11,5,9,0,1,0,0,0,0,0,0,20,0,0,0,51,0,0,2,0,0,0,0,2,9,20,0,0,0,109,0,0,69,27,0,0,0,4,0,4,0,0,3,0,0,0,4,0,0,0,0,0,91,1,0,0,2,0,0,2,0,0,2,0,0,0,0,0,0,0,0,0,0,0,0,0,0,0,5,0,0,1,0,0,0,0,0,0,0,0,0,0,0,0,0,0,0,0,2,0,0,0,0,0,0,0,0,0,0,0,0,0,0,0,0,0,0,0
66,2023-02-28,59,181,2023,6,Winter,NA,NA,NA,NA,NA,NA,NA,4,9,11,33,1,5,0,68,0,1,0,0,13,0,10,41,4,9,4,0,1,0,0,9,3,1,38,0,0,9,0,27,4,2,1,3,6,3,3,0,2,0,0,2,1,0,1,0,0,0,0,0,0,1,0,6,7,3,0,0,0,0,0,0,0,0,11,0,2,0,18,14,0,1,0,0,0,0,24,0,7,0,1,0,23,13,1,59,23,0,0,2,5,0,4,0,0,0,2,0,0,4,0,0,0,0,6,0,0,0,0,0,0,0,0,0,0,3,0,1,0,1,0,0,0,0,0,0,0,0,0,0,0,0,0,0,0,0,3,0,0,0,0,0,0,0,0,0,0,0,0,0,1,0,0,0,0,0,0,0,0,0,0,0,0,0,0,0,0,0,0,0,0
67,2023-03-23,82,204,2023,6,Spring,NA,NA,NA,NA,NA,NA,NA,1,9,17,28,2,4,0,30,0,1,0,0,15,1,5,6,0,5,2,0,1,0,0,8,0,3,3,0,0,2,0,1,3,2,0,4,8,0,1,0,0,20,1,4,2,0,1,0,0,0,0,0,0,2,0,12,2,7,0,0,0,0,0,0,3,0,5,0,0,0,40,4,1,0,0,0,1,0,77,47,23,0,0,0,24,6,1,27,5,0,3,0,1,0,0,0,0,0,2,0,0,4,0,0,0,1,17,0,0,0,0,1,0,0,0,0,0,0,0,0,0,0,0,1,0,0,0,0,0,0,0,0,0,0,0,0,0,0,22,0,0,0,0,0,0,0,0,0,0,0,0,2,0,0,0,0,0,0,0,0,0,0,0,0,0,0,0,0,0,0,0,0,0
68,2023-04-18,108,230,2023,6,Spring,NA,NA,NA,NA,NA,NA,NA,5,9,9,26,2,3,1,7,0,0,0,286,11,0,23,12,0,3,4,2,0,0,11,4,6,1,6,0,1,5,0,5,1,2,2,1,10,0,5,0,1,22,1,0,0,0,0,1,0,0,0,0,0,2,0,0,14,0,0,0,0,0,0,0,0,0,1,0,0,0,0,4,3,1,0,0,1,0,5,35,19,0,0,0,8,0,0,7,6,0,0,0,0,0,0,1,0,1,0,0,0,0,0,0,0,0,10,0,0,0,0,0,0,1,0,0,0,0,0,0,0,0,0,0,0,0,0,0,0,1,0,0,0,0,0,0,0,0,0,0,0,0,0,0,0,0,0,0,1,1,1,0,0,0,0,0,0,0,0,0,0,0,0,0,0,0,0,0,0,0,0,0,0
69,2023-05-19,139,261,2023,6,Spring,NA,NA,NA,NA,NA,NA,NA,1,17,8,39,0,1,0,41,0,0,0,69,18,1,37,0,0,10,0,1,0,0,0,13,2,2,10,0,1,4,2,5,3,0,0,1,10,2,3,0,0,0,0,0,1,0,0,0,0,0,0,0,0,0,0,6,17,0,0,0,0,0,2,1,0,0,5,0,0,0,0,0,14,2,0,0,2,0,0,0,0,0,0,0,0,0,0,0,0,0,0,0,0,0,0,0,0,0,0,0,0,0,0,0,0,0,0,0,0,0,0,0,0,1,0,0,0,0,0,0,0,0,0,0,0,0,0,0,0,0,0,0,0,0,0,0,0,0,0,0,0,0,0,0,0,0,0,1,0,0,0,0,0,0,0,0,0,0,0,0,0,0,0,0,0,0,0,0,0,0,0,0,0
70,2023-06-20,171,293,2023,6,Summer,NA,NA,NA,NA,NA,NA,NA,0,9,4,32,1,3,2,24,0,1,0,180,8,0,55,0,3,12,4,2,1,0,1,5,15,3,11,0,0,3,0,2,2,2,0,0,14,1,2,0,2,0,1,0,1,0,1,0,0,1,0,0,0,0,0,13,7,0,0,0,0,0,0,5,0,0,4,1,0,0,0,0,1,0,0,0,0,0,0,0,0,0,0,0,0,0,0,0,0,0,0,0,0,0,0,0,0,0,0,0,0,0,0,0,0,0,0,0,0,0,1,0,0,1,0,0,0,2,0,0,0,0,0,0,0,0,0,0,0,0,0,0,0,0,0,0,0,0,0,0,0,0,0,0,0,0,0,1,0,0,0,0,0,0,0,0,0,0,0,0,0,0,0,0,0,0,0,0,0,0,0,0,0
71,2023-07-26,207,329,2023,6,Summer,NA,NA,NA,NA,NA,NA,NA,5,8,8,7,1,3,0,31,0,0,0,72,2,2,103,20,5,18,2,0,2,0,2,9,13,1,17,8,2,3,4,24,5,3,0,1,20,0,10,0,0,0,5,0,3,1,0,0,0,1,0,0,0,2,6,0,4,2,0,0,0,0,0,0,1,0,8,2,1,0,0,0,0,0,0,0,0,0,0,0,0,0,0,0,0,0,0,0,0,0,0,0,0,0,0,0,0,0,0,0,0,0,0,0,0,0,0,0,0,0,2,0,0,2,0,0,0,0,0,0,0,0,0,0,0,0,0,0,0,0,0,0,0,0,0,0,0,0,0,0,0,0,0,0,0,0,0,0,0,0,0,0,0,0,0,0,0,0,0,0,0,0,0,0,0,0,0,0,0,0,0,0,0
72,2023-08-23,235,357,2023,6,Summer,NA,NA,NA,NA,NA,NA,NA,2,8,15,25,1,0,0,29,1,1,0,1,9,2,49,7,4,13,5,0,2,0,1,18,8,1,5,2,1,1,2,1,2,4,2,2,22,0,1,0,1,41,7,0,2,1,0,0,0,0,1,0,0,0,0,0,0,2,0,0,0,1,0,0,0,0,7,0,1,0,0,0,0,0,0,0,0,0,0,0,0,0,0,0,0,0,0,0,0,0,0,0,0,0,0,0,0,0,0,0,0,0,0,0,0,0,0,0,0,0,0,0,0,0,0,0,0,0,0,0,0,2,0,0,0,0,0,0,0,0,0,0,0,0,0,0,0,0,1,0,0,0,0,0,0,0,3,0,0,0,0,0,0,0,0,0,0,0,0,0,0,0,0,0,0,0,0,0,0,0,0,0,0
73,2023-09-15,258,15,2023,7,Fall,5,734,60,100,Fog,None,NA,3,8,7,37,0,2,0,14,2,1,0,3,13,1,13,5,25,9,8,5,0,0,1,39,5,3,5,6,6,0,1,0,3,18,2,8,16,0,2,0,0,20,8,1,3,0,0,1,0,1,6,0,0,0,0,0,23,2,0,1,0,0,0,0,5,0,3,0,4,0,0,0,0,1,0,2,0,0,1,0,3,1,0,0,0,0,0,1,0,0,1,2,0,0,0,1,0,0,0,0,0,0,1,0,0,0,0,0,0,0,0,0,0,0,0,0,0,0,0,0,3,2,0,0,0,0,0,0,0,0,0,0,0,0,0,1,0,0,0,0,0,0,1,0,2,1,0,0,0,0,0,0,0,0,0,0,0,0,0,0,0,0,0,0,0,0,0,0,0,0,0,0,0
74,2023-10-19,292,49,2023,7,Fall,NA,NA,NA,NA,NA,NA,NA,4,9,4,32,1,6,1,9,0,0,0,0,10,0,13,11,15,5,10,6,1,0,0,17,0,3,22,0,0,2,2,0,2,9,0,3,9,0,0,0,1,4,0,2,1,0,9,0,0,0,2,0,0,1,0,0,0,1,0,0,0,0,0,0,0,0,2,0,0,0,0,0,0,0,0,0,0,0,12,0,9,0,0,0,0,0,0,70,35,0,0,2,1,0,0,2,0,1,0,0,0,0,0,0,0,0,0,0,0,0,4,1,0,3,1,0,0,2,0,0,0,0,0,0,0,0,0,0,0,0,0,0,0,0,0,0,0,0,0,0,0,0,0,10,0,0,0,0,0,0,0,0,0,0,0,0,0,0,0,0,0,0,0,0,0,0,0,0,0,0,0,0,0
75,2023-11-15,319,76,2023,7,Fall,NA,7:45,NA,NA,NA,NA,NA,1,4,3,16,1,9,0,0,0,1,0,0,7,0,6,21,4,6,4,0,3,0,1,12,0,1,25,0,0,0,1,10,2,1,0,0,83,1,5,0,1,13,1,2,1,0,0,0,0,0,0,0,0,0,0,0,0,1,0,0,0,0,0,28,0,0,10,0,0,0,0,0,0,1,0,0,0,0,15,18,9,0,0,0,0,0,0,34,17,0,0,5,2,0,0,1,0,0,0,0,0,0,0,0,0,0,0,0,0,0,2,0,0,0,2,0,0,1,0,0,0,0,0,0,0,0,0,0,0,0,1,0,0,0,0,0,0,0,0,0,0,0,0,0,0,0,0,0,0,0,0,0,0,0,0,0,0,0,0,0,0,0,0,0,0,0,0,0,0,0,0,0,0
76,2023-12-06,340,97,2023,7,Winter,4.8,7:59,60,0,NA,NA,NA,0,5,5,19,0,6,0,58,0,0,0,0,6,1,6,24,8,6,6,0,1,0,0,0,0,0,30,0,1,0,0,0,1,2,0,1,14,0,0,0,2,0,2,2,2,0,0,0,0,0,0,0,0,1,0,0,35,1,0,0,0,0,0,0,0,0,0,0,0,0,0,0,0,2,0,0,0,0,7,16,23,0,0,0,0,0,0,54,16,0,0,9,2,0,0,1,0,0,0,0,0,0,0,0,0,0,0,2,0,0,0,0,1,0,0,0,0,0,0,0,0,0,0,0,0,0,0,0,0,0,0,0,2,0,0,0,0,0,0,0,0,0,2,0,0,0,0,0,0,0,0,0,0,0,0,0,0,0,0,0,0,0,0,0,0,0,0,0,0,0,0,0,0
77,2024-01-18,18,140,2024,7,Winter,9.4,8:02,52,15,NA,NA,NA,0,4,4,14,0,3,2,7,0,0,0,0,5,0,37,2,0,5,2,0,0,0,14,20,0,2,2,0,0,0,0,0,0,0,0,1,1,0,6,0,1,0,0,11,1,0,0,0,0,0,0,0,0,0,0,40,44,4,0,0,0,0,0,0,0,0,0,0,0,0,13,0,0,0,0,0,0,0,0,0,0,0,0,0,83,0,1,18,7,2,0,2,0,0,0,0,0,0,3,3,0,14,0,0,0,0,8,0,0,0,0,0,1,0,0,0,0,1,0,0,0,1,0,0,1,0,0,1,0,0,0,0,4,1,0,0,4,0,0,0,0,3,0,0,0,0,0,0,0,0,0,0,0,0,0,0,0,0,0,0,0,0,0,0,0,0,0,0,0,0,0,0,0
78,2024-02-26,57,179,2024,7,Winter,5,720,53,30,Low,None,NA,7,9,7,24,0,3,1,43,0,0,0,0,7,1,14,10,5,5,3,2,0,0,6,10,0,3,43,107,0,9,3,2,2,0,2,5,9,1,12,0,1,0,2,0,4,0,0,0,0,1,3,0,0,1,0,0,6,0,0,0,1,0,0,2,0,0,2,0,0,0,2,49,1,0,0,0,0,0,15,9,16,0,0,0,50,0,0,30,16,0,0,3,3,0,0,4,2,0,6,0,0,1,0,0,0,0,0,0,5,0,1,0,0,0,0,0,0,1,0,0,0,0,0,0,0,0,0,0,0,0,0,0,0,0,0,0,10,1,4,4,2,0,0,0,0,0,0,0,0,0,0,0,0,0,0,0,0,0,0,0,0,0,0,0,0,0,0,0,0,0,0,0,0
79,2024-03-25,85,207,2024,7,Spring,5.4,8:00,50,5,NA,NA,NA,6,8,7,33,0,4,0,33,0,0,0,22,6,1,6,5,0,5,4,2,2,0,3,1,0,6,15,0,0,10,2,23,1,1,1,7,16,4,2,0,0,0,1,0,0,0,0,0,0,0,0,0,0,1,1,2,9,0,0,0,2,0,0,0,0,0,5,0,0,0,21,4,2,0,0,0,0,0,22,2,6,0,0,0,33,10,0,31,25,0,0,0,0,0,1,2,0,0,0,0,0,2,0,0,0,1,23,6,4,0,0,0,0,3,0,0,0,0,0,0,0,0,0,0,0,0,0,0,0,0,0,0,7,2,2,1,0,0,0,0,0,0,0,0,0,0,0,0,0,0,0,0,0,0,0,0,0,0,0,0,0,0,0,0,0,0,0,0,0,0,0,0,0
80,2024-04-17,108,230,2024,7,Spring,NA,7:30,NA,NA,NA,NA,NA,5,12,10,63,1,2,2,31,0,0,0,138,18,1,22,8,3,7,3,0,7,0,31,12,6,5,6,0,2,17,2,9,1,0,2,5,28,5,4,0,1,13,2,6,1,0,0,0,0,0,0,1,0,4,0,6,6,1,0,0,0,0,0,5,1,5,1,0,0,0,2,1,2,1,0,0,4,0,0,0,15,0,0,0,14,0,0,9,10,0,0,0,0,0,0,2,0,0,2,0,0,0,0,0,0,1,2,0,0,0,4,0,0,2,0,0,0,0,0,0,0,0,0,3,0,0,1,0,1,2,9,1,0,0,0,0,0,0,0,0,0,0,0,0,0,0,0,0,0,0,0,0,0,0,0,0,0,0,0,0,0,0,0,0,0,0,0,0,0,0,0,0,0
81,2024-05-22,143,265,2024,7,Spring,6.86,7:00,54,100,NA,NA,NA,1,9,11,55,0,2,1,19,0,0,0,215,11,1,21,0,3,10,3,1,1,0,7,19,3,0,11,0,2,1,2,37,0,0,0,3,6,1,2,0,0,0,1,9,4,0,2,0,0,1,1,0,0,1,0,8,13,0,0,0,1,0,1,2,5,1,3,2,2,0,0,0,0,0,1,0,1,0,0,0,0,0,0,0,0,0,2,0,0,0,0,0,0,0,0,0,0,0,0,0,0,4,0,0,0,0,0,0,0,0,0,0,0,1,0,0,0,0,0,0,0,0,3,0,0,21,1,1,0,0,0,0,0,0,0,0,0,0,0,0,0,0,0,0,0,0,0,0,0,0,0,0,0,0,0,0,0,0,0,0,0,0,0,0,0,0,0,0,0,0,0,0,0
82,2024-06-12,164,286,2024,7,Summer,NA,6:30,57,100,NA,NA,NA,5,14,1,54,0,7,0,19,0,0,0,65,16,0,19,0,7,8,6,1,2,0,0,6,6,2,15,0,0,1,2,3,0,2,0,0,17,3,0,0,1,0,0,9,1,0,5,0,0,1,0,0,0,1,1,8,21,3,6,0,2,0,0,0,11,0,7,0,0,0,0,0,0,0,0,0,0,0,0,0,0,0,0,0,0,0,2,0,0,0,0,0,0,0,0,0,0,0,0,0,0,5,0,0,0,0,0,0,0,0,0,0,0,0,0,0,0,0,0,0,0,0,0,4,0,0,0,0,0,0,0,0,0,0,0,0,0,0,0,0,0,0,0,0,0,0,0,0,0,0,0,0,0,0,0,0,0,0,0,0,0,0,0,0,0,0,0,0,0,0,0,0,0
83,2024-07-08,190,312,2024,7,Summer,6.2,700,57,100,Fog,None,NA,6,6,2,15,0,0,0,13,0,0,0,11,2,0,19,4,6,4,1,0,0,0,2,0,10,4,20,0,2,2,4,0,0,1,0,0,5,4,2,0,0,3,1,18,2,0,1,0,0,0,0,0,0,0,0,5,25,0,11,0,2,0,0,0,0,4,0,0,0,0,0,0,0,0,0,0,0,0,0,0,0,0,0,0,0,3,4,0,0,0,0,0,0,0,0,0,0,0,1,0,0,0,0,0,0,0,0,0,0,0,0,0,0,0,0,0,0,0,0,0,0,0,0,0,3,0,0,0,0,0,0,0,0,0,0,0,0,0,0,0,0,0,0,0,0,0,0,0,0,0,0,0,0,0,0,0,0,0,0,0,0,0,0,0,0,0,0,0,0,0,0,0,0
84,2024-08-22,235,357,2024,7,Summer,NA,NA,NA,NA,NA,NA,NA,84,6,8,24,0,0,0,17,0,0,3,23,11,3,113,26,7,10,5,1,2,0,1,20,37,21,13,6,7,0,1,2,0,8,0,3,12,0,4,2,1,13,1,11,1,2,2,0,1,0,1,0,0,0,0,9,37,2,0,0,0,0,0,0,0,0,0,0,0,0,0,0,0,0,0,0,0,0,0,0,0,1,0,0,0,3,2,0,0,0,0,4,0,0,0,4,0,0,3,0,0,0,0,0,0,0,0,0,0,0,0,0,0,0,0,0,0,0,0,1,0,3,0,4,0,0,0,0,0,0,0,0,0,0,0,0,0,0,0,0,0,0,0,0,0,0,0,0,0,0,0,0,0,0,0,0,0,0,0,0,0,0,0,0,0,0,0,0,0,0,0,0,0
85,2024-09-26,270,26,2024,8,Fall,5.08,738,55,100,Low,None,None,13,11,5,43,0,5,0,14,0,0,3,0,11,0,24,18,16,6,3,1,2,0,2,6,0,15,17,1,0,3,3,4,0,8,2,1,16,2,6,0,0,16,0,1,2,2,0,2,0,0,0,1,0,0,0,0,8,2,0,0,0,0,0,10,0,0,0,0,0,0,0,0,0,2,0,0,0,0,15,0,3,2,0,0,0,0,2,27,2,0,0,10,0,0,0,1,0,0,2,0,0,0,1,0,0,0,0,0,0,0,0,0,0,0,0,0,0,0,0,0,1,1,1,0,0,0,0,0,0,0,0,0,0,0,0,0,0,0,0,0,0,0,0,0,0,0,0,0,0,0,0,0,0,0,0,0,0,0,0,0,0,0,0,0,0,0,0,0,0,0,0,0,0
86,2024-10-23,297,53,2024,8,Fall,5,736,50,0,NA,None,NA,0,8,13,24,0,4,0,32,2,0,1,0,14,0,30,24,32,10,2,1,4,0,1,40,1,4,28,0,0,9,2,2,7,5,0,0,11,1,0,0,1,1,1,0,1,0,0,1,0,1,1,0,0,2,0,0,13,3,0,0,0,0,0,0,0,0,1,0,0,1,0,0,0,1,0,0,0,1,34,3,29,0,0,0,0,0,1,42,22,0,0,11,2,0,0,1,2,0,1,0,0,0,0,0,0,0,0,0,0,0,0,1,0,1,1,10,0,2,1,1,0,0,0,0,0,0,0,0,0,0,0,0,0,0,0,0,0,0,0,0,0,0,0,0,0,0,0,0,0,0,0,0,0,0,0,0,0,0,0,0,0,0,0,0,0,0,0,0,0,0,0,0,0
87,2024-11-18,323,79,2024,8,Fall,5,7:58,52,NA,Clear,None,None,2,4,7,26,0,5,0,20,1,1,1,0,10,1,31,32,15,6,8,4,3,0,0,66,0,3,53,0,0,1,0,7,3,4,2,0,58,2,6,0,4,0,0,4,2,0,0,0,0,1,0,0,1,0,0,0,0,1,0,0,0,0,0,0,0,0,0,0,0,0,0,0,0,0,0,0,0,0,15,3,18,0,0,0,0,0,1,49,20,0,0,5,2,2,0,2,0,2,0,0,1,0,0,0,0,0,0,0,0,0,0,0,0,1,1,3,5,0,0,0,0,0,0,0,0,0,0,0,0,0,0,0,0,0,0,0,0,0,0,0,0,0,0,0,0,0,0,0,0,0,0,0,0,0,0,0,0,0,0,0,0,0,0,0,0,0,0,0,0,0,0,0,0
88,2024-12-17,352,108,2024,8,Winter,NA,NA,NA,NA,NA,NA,NA,1,6,11,18,2,6,0,47,1,0,0,0,9,0,28,9,15,6,0,3,3,0,1,3,7,1,79,0,0,0,2,0,0,2,1,0,2,5,2,0,2,0,0,1,0,0,1,4,0,0,0,0,0,2,0,0,2,0,0,0,0,0,0,3,0,0,9,0,1,1,0,0,0,0,0,0,0,0,10,15,16,0,0,0,2,0,2,76,11,0,0,9,10,0,0,0,0,1,0,0,0,0,0,0,0,1,0,0,0,0,1,1,1,0,0,0,0,0,0,0,0,0,0,0,0,0,0,0,0,0,0,0,0,0,0,0,0,0,0,0,0,0,0,0,0,0,0,0,0,0,0,0,0,0,0,0,0,0,0,0,0,0,0,0,0,0,0,0,0,0,0,0,0
89,2025-01-31,31,153,2025,8,Winter,7.32,7:55,46,100,Medium,Light,NA,0,6,9,31,1,4,0,8,3,0,2,0,14,3,68,6,15,11,4,1,1,0,2,28,1,2,29,0,0,3,2,30,0,3,0,0,14,4,2,0,3,0,1,1,0,0,3,0,0,1,1,0,0,0,0,5,66,9,0,0,0,0,0,1,0,0,4,0,0,0,3,8,1,0,0,0,0,0,7,26,21,0,0,0,6,0,3,68,11,0,0,4,9,0,0,0,0,1,1,3,1,2,0,0,0,0,7,1,2,1,0,0,0,0,0,0,0,0,0,0,0,0,0,0,0,0,0,0,0,0,0,0,0,0,0,0,0,0,0,0,0,0,0,0,0,0,0,0,0,0,0,0,0,0,0,0,0,0,0,0,0,0,0,0,0,0,0,0,0,0,0,0,0
90,2025-02-19,50,172,2025,8,Winter,NA,NA,NA,NA,NA,NA,NA,1,8,12,32,0,7,1,23,1,1,1,0,6,1,26,14,27,9,3,0,3,0,34,7,4,4,38,0,0,4,2,22,1,3,0,0,12,2,2,0,0,14,1,5,1,0,0,1,0,2,1,0,0,1,0,14,69,3,0,0,0,0,0,6,0,0,2,0,1,0,2,0,30,0,0,0,0,0,15,2,20,0,0,0,9,0,1,44,8,0,0,9,4,0,0,0,1,0,0,2,0,0,1,1,1,5,0,0,0,0,0,0,0,0,0,0,0,0,0,0,0,0,0,0,0,0,0,0,0,0,0,0,0,0,0,0,0,0,0,0,0,0,0,0,0,0,0,0,0,0,0,0,0,0,0,0,0,0,0,0,0,0,0,0,0,0,0,0,0,0,0,0,0
91,2025-03-18,77,199,2025,8,Spring,NA,8:00,NA,NA,NA,NA,NA,0,8,5,29,0,3,0,7,1,0,1,40,9,0,14,7,13,5,3,1,6,0,1,0,1,4,29,0,2,1,1,13,1,0,0,0,8,0,5,0,1,7,1,4,1,0,0,0,0,2,0,0,0,2,0,4,19,1,0,0,8,0,0,2,3,0,2,1,0,0,41,4,20,1,0,0,0,0,3,26,8,0,0,0,12,9,3,7,12,2,1,3,2,1,3,1,1,1,2,4,3,4,0,0,0,0,0,0,0,0,0,0,0,0,0,0,0,0,0,0,0,0,0,0,0,0,0,0,0,0,0,0,0,0,0,0,0,0,0,0,0,0,0,0,0,0,0,0,0,0,0,0,0,0,0,0,0,0,0,0,0,0,0,0,0,0,0,0,0,0,0,0,0
92,2025-04-29,119,241,2025,8,Spring,NA,NA,NA,NA,NA,NA,NA,0,4,6,27,1,3,1,18,1,0,0,295,6,2,37,3,4,2,3,1,2,0,0,1,7,1,8,1,3,10,2,7,1,0,0,1,11,2,10,0,1,2,1,6,2,0,0,0,1,2,0,0,0,5,0,14,10,2,0,0,0,0,1,17,1,2,2,3,1,0,5,20,2,2,1,1,5,2,1,4,9,1,1,1,1,2,1,0,0,0,0,0,0,0,0,0,0,0,0,0,0,0,0,0,0,0,0,0,0,0,0,0,0,0,0,0,0,0,0,0,0,0,0,0,0,0,0,0,0,0,0,0,0,0,0,0,0,0,0,0,0,0,0,0,0,0,0,0,0,0,0,0,0,0,0,0,0,0,0,0,0,0,0,0,0,0,0,0,0,0,0,0,0
93,2025-05-29,149,271,2025,8,Spring,NA,NA,NA,NA,NA,NA,NA,4,10,5,38,0,2,0,23,0,0,0,60,14,1,98,0,2,8,0,1,0,0,7,44,2,3,6,0,0,1,1,12,2,0,2,0,19,3,2,0,1,0,0,0,4,1,1,0,0,3,2,1,0,3,2,18,22,3,0,0,0,0,0,5,1,1,3,1,1,1,0,0,0,0,0,0,0,0,0,0,0,0,0,0,0,0,0,0,0,0,0,0,0,0,0,0,0,0,0,0,0,0,0,0,0,0,0,0,0,0,0,0,0,0,0,0,0,0,0,0,0,0,0,0,0,0,0,0,0,0,0,0,0,0,0,0,0,0,0,0,0,0,0,0,0,0,0,0,0,0,0,0,0,0,0,0,0,0,0,0,0,0,0,0,0,0,0,0,0,0,0,0,0
94,2025-06-24,175,297,2025,8,Summer,NA,NA,NA,NA,NA,NA,NA,23,9,8,33,0,1,0,12,0,1,0,28,12,0,79,0,5,5,6,1,1,0,0,12,26,2,15,0,0,3,1,2,1,4,0,0,26,3,1,0,0,0,1,0,1,0,0,0,0,1,0,1,1,0,2,3,6,4,8,1,1,10,1,0,0,0,0,0,0,0,0,0,0,0,0,0,0,0,0,0,0,0,0,0,0,0,0,0,0,0,0,0,0,0,0,0,0,0,0,0,0,0,0,0,0,0,0,0,0,0,0,0,0,0,0,0,0,0,0,0,0,0,0,0,0,0,0,0,0,0,0,0,0,0,0,0,0,0,0,0,0,0,0,0,0,0,0,0,0,0,0,0,0,0,0,0,0,0,0,0,0,0,0,0,0,0,0,0,0,0,0,0,0
95,2025-07-23,204,326,2025,8,Summer,4.9,7:15,60,100,Low,NA,NA,10,9,9,16,2,4,0,23,0,1,1,19,4,1,39,2,17,3,2,1,1,0,2,37,2,13,12,0,0,8,1,10,1,10,1,2,8,2,2,1,2,11,3,1,1,1,3,1,1,1,1,1,1,1,2,0,0,0,0,0,0,0,0,0,0,0,0,0,0,0,0,0,0,0,0,0,0,0,0,0,0,0,0,0,0,0,0,0,0,0,0,0,0,0,0,0,0,0,0,0,0,0,0,0,0,0,0,0,0,0,0,0,0,0,0,0,0,0,0,0,0,0,0,0,0,0,0,0,0,0,0,0,0,0,0,0,0,0,0,0,0,0,0,0,0,0,0,0,0,0,0,0,0,0,0,0,0,0,0,0,0,0,0,0,0,0,0,0,0,0,0,0,0
96,2025-08-11,223,345,2025,8,Summer,NA,NA,NA,NA,NA,NA,NA,3,10,12,25,1,3,2,12,2,1,1,22,11,1,68,17,13,7,4,1,2,1,2,12,14,2,13,2,2,5,1,3,1,9,1,1,2,1,2,2,1,0,0,0,0,0,0,0,0,0,0,0,0,0,0,0,0,0,0,0,0,0,0,0,0,0,0,0,0,0,0,0,0,0,0,0,0,0,0,0,0,0,0,0,0,0,0,0,0,0,0,0,0,0,0,0,0,0,0,0,0,0,0,0,0,0,0,0,0,0,0,0,0,0,0,0,0,0,0,0,0,0,0,0,0,0,0,0,0,0,0,0,0,0,0,0,0,0,0,0,0,0,0,0,0,0,0,0,0,0,0,0,0,0,0,0,0,0,0,0,0,0,0,0,0,0,0,0,0,0,0,0,0
