survey_id,survey_year,Year,Month,Day,Date,water_level,have_excel_summary,have_raw_data,filename(s),notes
1,1,2017,9,25,9/25/17,,no?,,,
2,1,2017,10,30,10/30/17,,no?,,,no pivot table in either file
3,1,2017,11,16,11/16/17,,no?,yes,,"two water level measurements: 4 (timestamp 15:32) and 4.5 (15:27); no pivot table, in in file without ""_raw_"" suffix"
4,1,2017,12,19,12/19/17,5,yes,yes,,
5,1,2018,1,18,1/18/18,6.4,yes,yes,,
6,1,2018,2,15,2/15/18,6.4,yes,yes,,
7,1,2018,3,18,3/18/18,4.9,yes,only within processed file,,
8,1,2018,4,20,4/20/18,5.4,yes,yes,,
9,1,2018,5,30,5/30/18,5.3,yes,yes,,
10,1,2018,6,18,6/18/18,5.5,yes,yes,,
11,1,2018,7,13,7/13/18,,yes,,,raw excel previews fine in Box but gives this warning when opening downloaded version: We found a problem with some content in 'NCOS_Bird_Observations_20180713_raw.xlsx'. 
12,1,2018,8,22,8/22/18,,yes,,,raw excel previews fine in Box but gives this warning when opening downloaded version: We found a problem with some content in 'NCOS_Bird_Observations_20180713_raw.xlsx'. 
13,2,2018,9,20,9/20/18,,yes,,,raw excel previews fine in Box but gives this warning when opening downloaded version: We found a problem with some content in 'NCOS_Bird_Observations_20180713_raw.xlsx'. 
14,2,2018,10,24,10/24/18,4.6,yes,yes,,"""raw"" excel does not include timestamps"
15,2,2018,11,16,11/16/18,4.2,yes,,,
16,2,2018,12,19,12/19/18,6.7,yes,yes,,"""raw"" file actually includes pivot table"
17,2,2019,1,22,1/22/19,,yes,only within processed file,NCOS_Bird_Observations_20190122.xlsx,two water level measurements: 4.95 and 5 -> use mean?
18,2,2019,2,20,2/20/19,5,yes,only within processed file,NCOS_Bird_Observations_20190220.xlsx,
19,2,2019,3,22,3/22/19,6,yes,only within processed file,NCOS_Bird_Observations_20190322.xlsx,
20,2,2019,4,19,4/19/19,5.8,yes,only within processed file,NCOS_Bird_Observations_20190419.xlsx,
21,2,2019,5,17,5/17/19,6.2,yes,only within processed file,NCOS_Bird_Observations_20190517.xlsx,
22,2,2019,6,19,6/19/19,6.6,yes,only within processed file,NCOS_Bird_Observations_20190619.xlsx,
23,2,2019,7,24,7/24/19,6.2,yes,only within processed file,NCOS_Bird_Observations_20190724.xlsx,
24,2,2019,8,14,8/14/19,5.8,yes,yes,,raw data in csv with same filename as processed Excel file
25,3,2019,9,12,9/12/19,5.5,yes,only within processed file,NCOS_Bird_Survey_Data_20190912.xlsx,
26,3,2019,10,25,10/25/19,5,yes,only within processed file,NCOS_Bird_Survey_Data_20191025.xlsx,Survey_Metadata tab is empty
27,3,2019,11,15,11/15/19,4.9,yes,only within processed file,NCOS_Bird_Survey_Data_20191115.xlsx,
28,3,2019,12,6,12/6/19,7.3,yes,only within processed file,NCOS_Bird_Survey_Data_20191206.xlsx,
29,3,2020,1,23,1/23/20,9.4,yes,only within processed file,NCOS_Bird_Survey_Data_2020_01_23.xlsx,
30,3,2020,2,20,2/20/20,9,yes,only within processed file,,
31,3,2020,3,19,3/19/20,4.9,,,,"three different excel files, plus notes from Mark Holmgren in a word doc"
32,3,2020,4,,,,,,,
33,3,2020,5,,,,,,,
34,3,2020,6,,,,,,,
35,3,2020,7,,,,,,,
36,3,2020,8,,,,,,,
37,4,2020,9,,,,,,,
38,4,2020,10,,,,,,,
39,4,2020,11,,,,,,,
40,4,2020,12,,,,,,,
41,4,2021,1,,,,,yes,,
42,4,2021,2,,,,,,,
43,4,2021,3,,,,,,,
44,4,2021,4,,,,,,,
45,4,2021,5,,,,,,,
46,4,2021,6,,,,,yes,,
47,4,2021,7,,,,,,,
48,4,2021,8,,,,,yes,,
49,5,2021,9,,,,,yes,,
50,5,2021,10,,,,,,,
51,5,2021,11,,,,,yes,,
52,5,2021,12,,,,,yes,,two separate files for December
53,5,2022,1,,,,,yes,,
54,5,2022,2,,,,,yes,,
55,5,2022,3,,,,,yes,,
56,5,2022,4,,,,,yes,,
57,5,2022,5,,,,,yes,,
58,5,2022,6,,,,,yes,,
59,5,2022,7,,,,,yes,,
60,5,2022,8,,,,,yes,,
61,6,2022,9,,,,,yes,,
62,6,2022,10,,,,,yes,,
63,6,2022,11,,,,,yes,,
64,6,2022,12,,,,,yes,,
65,6,2023,1,,,,yes,yes,,
66,6,2023,2,,,,yes,yes,,
67,6,2023,3,,,,yes,yes,,
68,6,2023,4,,,,yes,yes,,
69,6,2023,5,,,,yes,yes,,
70,6,2023,6,,,,yes,yes,,
71,6,2023,7,,,,yes,yes,,
72,6,2023,8,,,,yes,yes,,
73,7,2023,9,,,,yes,yes,,
74,7,2023,10,,,,yes,yes,,
75,7,2023,11,,,,yes,yes,,
76,7,2023,12,,,,yes,yes,,
77,7,2024,1,,,,yes,yes,,
78,7,2024,2,,,,yes,yes,,
79,7,2024,3,,,,yes,yes,,
80,7,2024,4,,,,yes,yes,,
81,7,2024,5,,,,yes,yes,,
82,7,2024,6,,,,yes,yes,,
83,7,2024,7,,,,yes,yes,,
84,7,2024,8,,,,yes,yes,,
85,8,2024,9,,,,yes,yes,,
86,8,2024,10,,,,yes,yes,,
87,8,2024,11,,,,yes,yes,,
88,8,2024,12,,,,yes,yes,,
89,8,2025,1,,,,yes,yes,,
90,8,2025,2,,,,yes,yes,,
91,8,2025,3,,,,yes,yes,,
92,8,2025,4,,,,yes,yes,,
93,8,2025,5,,,,yes,yes,,
94,8,2025,6,,,,yes,yes,,
95,8,2025,7,,,,yes,yes,,
96,8,2025,8,,,,yes,yes,,
97,9,2025,9,,,,yes,yes,,
98,9,2025,10,,,,yes,yes,,
99,9,2025,11,,,,yes,yes,,
100,9,2025,12,,,,yes,yes,,
101,9,2026,1,,,,yes,yes,,
102,9,2026,2,,,,yes,yes,,