OBJECTID,Date,Species,Count,Repeat_Observation,Substrate,,,Notes,,,Activity,GlobalID,CreationDate,Creator,EditDate,Editor,,x,y
3,2017-10-30,Least Sandpiper,3,No,Mud,,,,,,Foraging/Hunting,09f46f91-e7ec-405a-9af1-560c44f67ffb,10/30/2017 2:59:14 PM,clark@ccber.ucsb.edu_ucsb,10/30/2017 3:04:50 PM,clark@ccber.ucsb.edu_ucsb,,-119.8740467,34.41769777
4,2017-10-30,White-crowned Sparrow,2,No,Fence,,,,,,Resting/Roosting,b992c834-2d3e-4871-a4c2-8101ad673882,10/30/2017 3:06:36 PM,clark@ccber.ucsb.edu_ucsb,10/30/2017 3:06:36 PM,clark@ccber.ucsb.edu_ucsb,,-119.8741022,34.41756737
5,2017-10-30,,1,No,Fence,,,Turkey Vulture,,,Foraging/Hunting,a78da5b2-b3f9-4706-a78a-cd65f1f45ff0,10/30/2017 3:15:06 PM,clark@ccber.ucsb.edu_ucsb,10/30/2017 3:15:06 PM,clark@ccber.ucsb.edu_ucsb,,-119.8737486,34.4186845
6,2017-10-30,Mallard,2,No,,,,Flyover,,,Foraging/Hunting,04da93e0-4f17-4880-9bbe-93221e7a9dca,10/30/2017 3:16:29 PM,clark@ccber.ucsb.edu_ucsb,10/30/2017 3:16:29 PM,clark@ccber.ucsb.edu_ucsb,,-119.8749392,34.41909009
7,2017-10-30,Mallard,2,No,Water - Floating,,,,,,,86f2d117-7fb4-4ea7-a181-2815a3540a83,10/30/2017 3:17:01 PM,clark@ccber.ucsb.edu_ucsb,10/30/2017 3:17:01 PM,clark@ccber.ucsb.edu_ucsb,,-119.8752266,34.41885535
8,2017-10-30,American Pipit,1,No,Habitat Feature - Hibernacula,,,,,,Foraging/Hunting,b30895c6-da68-444f-9777-7cd2ec9f3923,10/30/2017 3:20:13 PM,clark@ccber.ucsb.edu_ucsb,10/30/2017 3:20:13 PM,clark@ccber.ucsb.edu_ucsb,,-119.8744837,34.41928684
9,2017-10-30,American Pipit,11,No,,,,flyover,,,Foraging/Hunting,8174b72b-9ddf-4f01-8edf-0d0205f20a93,10/30/2017 3:20:44 PM,clark@ccber.ucsb.edu_ucsb,10/30/2017 3:20:44 PM,clark@ccber.ucsb.edu_ucsb,,-119.8745471,34.41937472
10,2017-10-30,,1,No,Water - Floating,,,NOPI,,,Foraging/Hunting,073d38f9-8ca3-4eb3-ac37-2d50dc695dd2,10/30/2017 3:28:21 PM,clark@ccber.ucsb.edu_ucsb,10/30/2017 3:28:21 PM,clark@ccber.ucsb.edu_ucsb,,-119.8734008,34.42180704
11,2017-10-30,American Pipit,12,Yes,Bare ground,,,flew over onto other side of trail,,,Foraging/Hunting,15ff3514-f71e-4b4f-bc03-534f1b28247c,10/30/2017 3:31:20 PM,clark@ccber.ucsb.edu_ucsb,10/30/2017 3:31:37 PM,clark@ccber.ucsb.edu_ucsb,,-119.8724864,34.42066746
12,2017-10-30,Killdeer,3,No,Bare ground,,,,,,Resting/Roosting,311975ff-a958-42e4-9daf-1d1bee901b67,10/30/2017 3:32:39 PM,clark@ccber.ucsb.edu_ucsb,10/30/2017 3:32:39 PM,clark@ccber.ucsb.edu_ucsb,,-119.8725243,34.4210949
13,2017-10-30,Loggerhead Shrike,1,No,Fence,,,temporary wetland fence,,,Resting/Roosting,18f402c2-7182-4a14-a438-b4cc84303b24,10/30/2017 3:34:29 PM,clark@ccber.ucsb.edu_ucsb,10/30/2017 3:34:29 PM,clark@ccber.ucsb.edu_ucsb,,-119.8719776,34.42115462
14,2017-10-30,Song Sparrow,2,No,Vegetation - Herbaceous,,,,,,Foraging/Hunting,bc78e446-4d2a-4f75-9a35-1ca28f92222c,10/30/2017 3:36:06 PM,clark@ccber.ucsb.edu_ucsb,10/30/2017 3:36:06 PM,clark@ccber.ucsb.edu_ucsb,,-119.8717416,34.42092874
15,2017-10-30,Scaly-breasted Munia,5,No,Vegetation - Herbaceous,,,,,,Foraging/Hunting,59dcd8a3-1d1c-43e3-bd1c-729f3246b91b,10/30/2017 3:36:37 PM,clark@ccber.ucsb.edu_ucsb,10/30/2017 3:36:37 PM,clark@ccber.ucsb.edu_ucsb,,-119.8715475,34.42097005
16,2017-10-30,Song Sparrow,1,No,Fence,,,,,,Resting/Roosting,a4152952-a333-483f-955a-3e9ad61c5715,10/30/2017 3:44:16 PM,clark@ccber.ucsb.edu_ucsb,10/30/2017 3:44:16 PM,clark@ccber.ucsb.edu_ucsb,,-119.8707347,34.42141005
17,2017-10-30,Black Phoebe,1,No,Bare ground,,,shade structure,,,Resting/Roosting,391fd492-eb66-4774-b201-b4bb1b9216e8,10/30/2017 3:44:55 PM,clark@ccber.ucsb.edu_ucsb,10/30/2017 3:44:55 PM,clark@ccber.ucsb.edu_ucsb,,-119.8709667,34.42155991
18,2017-10-30,Yellow-rumped Warbler,4,No,Vegetation - Tree,,,,,,Foraging/Hunting,8e139149-4a33-4415-9bac-16fde09cdad5,10/30/2017 3:50:21 PM,clark@ccber.ucsb.edu_ucsb,10/30/2017 3:50:21 PM,clark@ccber.ucsb.edu_ucsb,,-119.8720179,34.42199863
19,2017-10-30,Ruby-crowned Kinglet,1,No,Vegetation - Shrub,,,,,,Foraging/Hunting,403c0f20-d8a2-4717-9c8b-ad42f28ee374,10/30/2017 3:51:39 PM,clark@ccber.ucsb.edu_ucsb,10/30/2017 3:51:39 PM,clark@ccber.ucsb.edu_ucsb,,-119.8721578,34.42241037
20,2017-10-30,White-crowned Sparrow,4,No,Vegetation - Shrub,,,,,,Foraging/Hunting,40d52889-5d62-4cd7-a2f9-e9790b24ae3c,10/30/2017 3:52:14 PM,clark@ccber.ucsb.edu_ucsb,10/30/2017 3:52:14 PM,clark@ccber.ucsb.edu_ucsb,,-119.8721221,34.42246919
21,2017-10-30,House Finch,2,No,Vegetation - Shrub,,,,,,Foraging/Hunting,0d915095-2fef-4ccd-8815-166557955de6,10/30/2017 3:53:02 PM,clark@ccber.ucsb.edu_ucsb,10/30/2017 3:53:02 PM,clark@ccber.ucsb.edu_ucsb,,-119.8721032,34.42238338
22,2017-10-30,American Crow,4,No,Bare ground,,,,,,Foraging/Hunting,4b26e945-70b2-4553-8401-0de9e6cf0da3,10/30/2017 3:58:33 PM,clark@ccber.ucsb.edu_ucsb,10/30/2017 3:58:33 PM,clark@ccber.ucsb.edu_ucsb,,-119.8721988,34.42223374
23,2017-10-30,Black Phoebe,1,No,Vegetation - Tree,,,,,,Foraging/Hunting,48c4602f-9ecb-4157-a587-de953f7bba9e,10/30/2017 3:59:16 PM,clark@ccber.ucsb.edu_ucsb,10/30/2017 3:59:16 PM,clark@ccber.ucsb.edu_ucsb,,-119.8724353,34.42211942
24,2017-10-30,Song Sparrow,2,No,Vegetation - Herbaceous,,,,,,Foraging/Hunting,7066edcc-e401-40fb-8268-ac55d863f61d,10/30/2017 4:00:03 PM,clark@ccber.ucsb.edu_ucsb,10/30/2017 4:03:28 PM,clark@ccber.ucsb.edu_ucsb,,-119.8725523,34.42209444
25,2017-10-30,Common Yellowthroat,1,No,Vegetation - Herbaceous,,,,,,Foraging/Hunting,bf7cdb42-435c-46d0-8f1d-012b3ce1abad,10/30/2017 4:03:52 PM,clark@ccber.ucsb.edu_ucsb,10/30/2017 4:03:52 PM,clark@ccber.ucsb.edu_ucsb,,-119.8729013,34.42202995
26,2017-10-30,Song Sparrow,1,No,Vegetation - Herbaceous,,,,,,Foraging/Hunting,ce47eadd-6c53-45e6-b561-a2a4a889944a,10/30/2017 4:04:21 PM,clark@ccber.ucsb.edu_ucsb,10/30/2017 4:04:21 PM,clark@ccber.ucsb.edu_ucsb,,-119.8730743,34.4219577
27,2017-10-30,American Crow,1,No,Fence,,,,,,Foraging/Hunting,02a9f8f2-8e94-4bf2-b259-2348ba090330,10/30/2017 4:04:45 PM,clark@ccber.ucsb.edu_ucsb,10/30/2017 4:04:45 PM,clark@ccber.ucsb.edu_ucsb,,-119.8735448,34.42194767
28,2017-10-30,,1,No,Vegetation - Herbaceous,,,ALHU male,,,Foraging/Hunting,23d44d8e-0394-417f-946e-1cddbb80216e,10/30/2017 4:06:18 PM,clark@ccber.ucsb.edu_ucsb,10/30/2017 4:06:38 PM,clark@ccber.ucsb.edu_ucsb,,-119.8732336,34.42172128
29,2017-10-30,Scaly-breasted Munia,25,No,Vegetation - Herbaceous,,,,,,Foraging/Hunting,e129762c-43d3-45ad-9c07-817d1932695c,10/30/2017 4:07:10 PM,clark@ccber.ucsb.edu_ucsb,10/30/2017 4:07:10 PM,clark@ccber.ucsb.edu_ucsb,,-119.8738279,34.42175844
30,2017-10-30,,1,No,Vegetation - Herbaceous,,,UNHU,,,Foraging/Hunting,918ba50f-da23-4ff5-a2f7-e8dd70e8fdc4,10/30/2017 4:07:51 PM,clark@ccber.ucsb.edu_ucsb,10/30/2017 4:07:51 PM,clark@ccber.ucsb.edu_ucsb,,-119.8731789,34.4217339
31,2017-10-30,Black Phoebe,2,Yes,Vegetation - Herbaceous,,,at least 1 was probably observed earlier on Whittier channel,,,Foraging/Hunting,5c4309c5-f0b8-45ae-a2f9-bf0a0f71d4d4,10/30/2017 4:10:46 PM,clark@ccber.ucsb.edu_ucsb,10/30/2017 4:13:38 PM,clark@ccber.ucsb.edu_ucsb,,-119.8733001,34.42168605
32,2017-10-30,,,No,Vegetation - Tree,,,ECDO,,,Foraging/Hunting,47429d01-d9bb-4ff7-bec5-478348894a18,10/30/2017 4:12:00 PM,clark@ccber.ucsb.edu_ucsb,10/30/2017 4:12:44 PM,clark@ccber.ucsb.edu_ucsb,,-119.8739088,34.42179284
33,2017-10-30,,1,Yes,Water - Floating,,,NOPI,,,Foraging/Hunting,31f7251b-1025-4a36-9fa4-5b2e819c87f6,10/30/2017 4:15:34 PM,clark@ccber.ucsb.edu_ucsb,10/30/2017 4:15:34 PM,clark@ccber.ucsb.edu_ucsb,,-119.8744003,34.42054212
34,2017-10-30,Western Meadowlark,6,Yes,Bare ground,,,,,,Foraging/Hunting,b487d1ff-1024-4443-b9a7-688403d47021,10/30/2017 4:25:32 PM,clark@ccber.ucsb.edu_ucsb,10/30/2017 4:25:32 PM,clark@ccber.ucsb.edu_ucsb,,-119.8765778,34.42037799
35,2017-10-30,Western Sandpiper,2,No,Water - Wading,,,,,,Foraging/Hunting,7acfad57-d47a-418f-b1d3-7344f29fe5d0,10/30/2017 4:26:14 PM,clark@ccber.ucsb.edu_ucsb,10/30/2017 4:26:14 PM,clark@ccber.ucsb.edu_ucsb,,-119.8769097,34.42010855
36,2017-10-30,Least Sandpiper,12,No,Water - Wading,,,,,,Foraging/Hunting,0f2fa0a7-b2ee-4c2d-af3d-cae88190f5bf,10/30/2017 4:26:53 PM,clark@ccber.ucsb.edu_ucsb,10/30/2017 4:26:53 PM,clark@ccber.ucsb.edu_ucsb,,-119.8768391,34.42008914
37,2017-10-30,Mallard,4,No,Water - Floating,,,,,,Foraging/Hunting,5861bd2f-1230-4fcc-8570-33c9330466b7,10/30/2017 4:30:48 PM,clark@ccber.ucsb.edu_ucsb,10/30/2017 4:30:48 PM,clark@ccber.ucsb.edu_ucsb,,-119.877205,34.42021201
38,2017-10-30,Say's Phoebe,1,Yes,Other,,,wood post,,,Foraging/Hunting,4c9a85c3-581f-4760-b0d6-e91d9429ddc6,10/30/2017 4:32:39 PM,clark@ccber.ucsb.edu_ucsb,10/30/2017 4:32:39 PM,clark@ccber.ucsb.edu_ucsb,,-119.8763387,34.42009238
39,2017-10-30,,2,No,,,,unidentified hawks,,,Competition,d2ecc86f-a9cf-4b53-9330-c436c00e658c,10/30/2017 4:36:48 PM,clark@ccber.ucsb.edu_ucsb,10/30/2017 6:30:22 PM,clark@ccber.ucsb.edu_ucsb,,-119.8810438,34.41744068
40,2017-10-30,Mallard,4,Yes,Water - Floating,,,,,,Foraging/Hunting,01ec2b64-3693-487e-a0da-2e81da25fe2e,10/30/2017 4:37:27 PM,clark@ccber.ucsb.edu_ucsb,10/30/2017 4:37:27 PM,clark@ccber.ucsb.edu_ucsb,,-119.8774345,34.42039675
41,2017-10-30,Mallard,2,No,Water - Floating,,,,,,Foraging/Hunting,7d582a1b-a09f-46af-9513-bcac60007808,10/30/2017 4:37:47 PM,clark@ccber.ucsb.edu_ucsb,10/30/2017 4:37:47 PM,clark@ccber.ucsb.edu_ucsb,,-119.8773654,34.42038047
42,2017-10-30,Yellow-rumped Warbler,1,No,,,,,,,,3b994863-967a-44cb-8b40-336b89d5328b,10/30/2017 4:42:49 PM,clark@ccber.ucsb.edu_ucsb,10/30/2017 4:42:49 PM,clark@ccber.ucsb.edu_ucsb,,-119.8784795,34.42154749
43,2017-10-30,White-crowned Sparrow,1,No,Vegetation - Tree,,,,,,Foraging/Hunting,3ee2504d-2d54-4b01-80cf-fdf5516ba1f4,10/30/2017 4:43:11 PM,clark@ccber.ucsb.edu_ucsb,10/30/2017 4:43:11 PM,clark@ccber.ucsb.edu_ucsb,,-119.8782196,34.42133309
44,2017-10-30,House Finch,3,No,Vegetation - Tree,,,,,,Foraging/Hunting,51d29625-0875-44dc-9804-0022f3bc868f,10/30/2017 4:43:37 PM,clark@ccber.ucsb.edu_ucsb,10/30/2017 4:43:37 PM,clark@ccber.ucsb.edu_ucsb,,-119.8781923,34.42143089
45,2017-10-30,House Finch,1,No,Vegetation - Tree,,,,,,Foraging/Hunting,c1388d54-2a98-4c0d-a2d0-b17778e605f9,10/30/2017 4:44:17 PM,clark@ccber.ucsb.edu_ucsb,10/30/2017 4:44:17 PM,clark@ccber.ucsb.edu_ucsb,,-119.8788078,34.42129172
46,2017-10-30,,1,No,Bare ground,,,"ROWR, boulders",,,Foraging/Hunting,f74364d9-e349-49d2-8370-5064b169de4e,10/30/2017 4:44:58 PM,clark@ccber.ucsb.edu_ucsb,10/30/2017 4:49:03 PM,clark@ccber.ucsb.edu_ucsb,,-119.8788899,34.42143465
47,2017-10-30,Greater Yellowlegs,2,No,Water - Wading,,,,,,Foraging/Hunting,d53a73d0-6fb5-43d3-9f0d-71753ee0ae9b,10/30/2017 4:45:30 PM,clark@ccber.ucsb.edu_ucsb,10/30/2017 4:45:30 PM,clark@ccber.ucsb.edu_ucsb,,-119.8788534,34.42129924
48,2017-10-30,Song Sparrow,1,No,,,,boulders ,,,Foraging/Hunting,d05b03b2-ee41-426b-894f-18b9c86098ab,10/30/2017 4:46:09 PM,clark@ccber.ucsb.edu_ucsb,10/30/2017 4:49:41 PM,clark@ccber.ucsb.edu_ucsb,,-119.8788033,34.42136319
49,2017-10-30,Black Phoebe,1,No,,,,boulder,,,Foraging/Hunting,09a36efc-2c61-43f7-9a02-912d3024c584,10/30/2017 4:46:29 PM,clark@ccber.ucsb.edu_ucsb,10/30/2017 4:49:24 PM,clark@ccber.ucsb.edu_ucsb,,-119.8788261,34.42138951
50,2017-10-30,Scaly-breasted Munia,1,No,Bare ground,,,,,,Foraging/Hunting,1f600dfc-d698-4b78-a608-a4f2c3040dc9,10/30/2017 4:46:55 PM,clark@ccber.ucsb.edu_ucsb,10/30/2017 4:46:55 PM,clark@ccber.ucsb.edu_ucsb,,-119.8787759,34.42128044
51,2017-10-30,White-crowned Sparrow,1,No,,,,boulders,,,Foraging/Hunting,ffd46caa-e262-4d3a-a5fd-0be90c9cde7d,10/30/2017 4:47:18 PM,clark@ccber.ucsb.edu_ucsb,10/30/2017 4:48:45 PM,clark@ccber.ucsb.edu_ucsb,,-119.878697,34.42161693
52,2017-10-30,,2,No,Vegetation - Shrub,,,HOSP,,,Foraging/Hunting,73e8ef28-eed9-4694-a2c7-64caadebbbdb,10/30/2017 4:48:06 PM,clark@ccber.ucsb.edu_ucsb,10/30/2017 4:48:06 PM,clark@ccber.ucsb.edu_ucsb,,-119.8785237,34.42166958
53,2017-10-30,Say's Phoebe,1,No,Other,,,other structure,,,,5f09b3ec-2ee5-42d6-bf43-9d5b5e4d561f,10/30/2017 4:50:34 PM,clark@ccber.ucsb.edu_ucsb,10/30/2017 4:50:34 PM,clark@ccber.ucsb.edu_ucsb,,-119.8786145,34.42151696
54,2017-10-30,Say's Phoebe,1,No,Bare ground,,,,,,Foraging/Hunting,d81aaeae-fb37-40c1-8338-ba34da68993d,10/30/2017 4:50:57 PM,clark@ccber.ucsb.edu_ucsb,10/30/2017 4:50:57 PM,clark@ccber.ucsb.edu_ucsb,,-119.8786875,34.4214097
55,2017-10-30,White-crowned Sparrow,2,No,Vegetation - Herbaceous,,,,,,Foraging/Hunting,aaa95774-8dc9-44f2-81fb-2fa3a0bc6e7b,10/30/2017 4:53:41 PM,clark@ccber.ucsb.edu_ucsb,10/30/2017 4:53:41 PM,clark@ccber.ucsb.edu_ucsb,,-119.879388,34.42124148
56,2017-10-30,House Finch,1,No,Vegetation - Herbaceous,,,,,,Foraging/Hunting,fb825332-8b26-4107-866f-376bf4a8e51c,10/30/2017 4:54:48 PM,clark@ccber.ucsb.edu_ucsb,10/30/2017 4:54:48 PM,clark@ccber.ucsb.edu_ucsb,,-119.8794649,34.42126165
57,2017-10-30,White-crowned Sparrow,1,No,Vegetation - Herbaceous,,,,,,Foraging/Hunting,f49393fe-0d1a-483c-92db-6c18410c72eb,10/30/2017 4:55:05 PM,clark@ccber.ucsb.edu_ucsb,10/30/2017 4:55:05 PM,clark@ccber.ucsb.edu_ucsb,,-119.8794708,34.421255
58,2017-10-30,Song Sparrow,1,No,Vegetation - Herbaceous,,,,,,Foraging/Hunting,174c52a3-6374-4e45-8f18-e94c3ceb0fb1,10/30/2017 4:56:16 PM,clark@ccber.ucsb.edu_ucsb,10/30/2017 4:56:16 PM,clark@ccber.ucsb.edu_ucsb,,-119.8798572,34.42133227
59,2017-10-30,House Finch,3,No,Vegetation - Herbaceous,,,,,,Foraging/Hunting,bfbb6963-2aa1-4f7f-b91e-c476df9a3f13,10/30/2017 4:56:57 PM,clark@ccber.ucsb.edu_ucsb,10/30/2017 4:57:28 PM,clark@ccber.ucsb.edu_ucsb,,-119.8799787,34.42133027
60,2017-10-30,Mourning Dove,20,No,Vegetation - Tree,,,,,,Resting/Roosting,8d5845b4-9647-408c-8c14-4cc6659d7680,10/30/2017 4:58:12 PM,clark@ccber.ucsb.edu_ucsb,10/30/2017 5:06:29 PM,clark@ccber.ucsb.edu_ucsb,,-119.8811994,34.42196374
61,2017-10-30,,5,No,Vegetation - Tree,,,,,,Resting/Roosting,931f20b8-5e7a-4a0f-9d22-976343ca3436,10/30/2017 4:58:56 PM,clark@ccber.ucsb.edu_ucsb,10/30/2017 5:06:38 PM,clark@ccber.ucsb.edu_ucsb,,-119.8811806,34.42197498
62,2017-10-30,,5,No,Vegetation - Herbaceous,,,HOSP,,,Foraging/Hunting,3ec30d30-013f-4158-b46d-786cbee729f0,10/30/2017 5:01:25 PM,clark@ccber.ucsb.edu_ucsb,10/30/2017 5:01:25 PM,clark@ccber.ucsb.edu_ucsb,,-119.8801893,34.42134764
63,2017-10-30,American Kestrel,1,No,,,,kestrel harassing redtail,,,,17f741b1-f1c9-450c-b0c8-0961a50da9e4,10/30/2017 5:02:49 PM,clark@ccber.ucsb.edu_ucsb,10/30/2017 5:02:49 PM,clark@ccber.ucsb.edu_ucsb,,-119.8804474,34.42177608
64,2017-10-30,Red-tailed Hawk,1,No,,,,kestrel harassing redtail,,,,96b70266-f8ef-4c2c-a249-f711430a8e6a,10/30/2017 5:03:23 PM,clark@ccber.ucsb.edu_ucsb,10/30/2017 5:03:23 PM,clark@ccber.ucsb.edu_ucsb,,-119.880441,34.42175058
65,2017-10-30,California Towhee,1,No,Bare ground,,,,,,Foraging/Hunting,41ae6c73-791b-4c94-9e2f-cbc02292676d,10/30/2017 5:04:45 PM,clark@ccber.ucsb.edu_ucsb,10/30/2017 5:04:45 PM,clark@ccber.ucsb.edu_ucsb,,-119.8807333,34.42187429
66,2017-10-30,Anna's Hummingbird,2,No,Vegetation - Tree,,,,,,Foraging/Hunting,d3fe9293-427f-4f83-a5d5-b5f899fbf8e3,10/30/2017 5:05:23 PM,clark@ccber.ucsb.edu_ucsb,10/30/2017 5:05:23 PM,clark@ccber.ucsb.edu_ucsb,,-119.8807665,34.4219139
67,2017-10-30,,5,No,Water - Floating,,,Greater White Fronted Goose,,,Foraging/Hunting,6da0b4e7-2f37-4083-8273-7ad9e2552775,10/30/2017 5:19:15 PM,clark@ccber.ucsb.edu_ucsb,10/30/2017 5:19:15 PM,clark@ccber.ucsb.edu_ucsb,,-119.878686,34.42105842
68,2017-10-30,,1,No,Water - Floating,,,cackling goose ,,,Foraging/Hunting,afa6b0a4-5eff-40ca-a3a0-e798da23b41f,10/30/2017 5:19:50 PM,clark@ccber.ucsb.edu_ucsb,10/30/2017 5:19:50 PM,clark@ccber.ucsb.edu_ucsb,,-119.8786107,34.42103368
69,2017-10-30,,2,No,Bare ground,,,Turkey Vulture,,,Foraging/Hunting,b360a69d-9c7a-455a-a14e-18480d7b9af6,10/30/2017 5:20:23 PM,clark@ccber.ucsb.edu_ucsb,10/30/2017 5:20:23 PM,clark@ccber.ucsb.edu_ucsb,,-119.8788052,34.4216108
70,2017-10-30,Least Sandpiper,14,No,Water - Wading,,,,,,Foraging/Hunting,1e35e226-4d49-4dda-90ae-4feaf1e15fce,10/30/2017 2:52:36 PM,clark@ccber.ucsb.edu_ucsb,10/30/2017 2:52:36 PM,clark@ccber.ucsb.edu_ucsb,,-119.8743744,34.41777061
71,2017-10-30,Western Sandpiper,5,No,Water - Wading,,,,,,Foraging/Hunting,81d0fb08-6a2a-4276-b8d7-d3554658cacb,10/30/2017 2:53:58 PM,clark@ccber.ucsb.edu_ucsb,10/30/2017 2:53:58 PM,clark@ccber.ucsb.edu_ucsb,,-119.8742327,34.41773163
72,2017-10-30,,1,No,Water - Wading,,,Dunlin ,,,Foraging/Hunting,2b911ee1-47f5-4a73-b1aa-5523642a3b48,10/30/2017 2:55:14 PM,clark@ccber.ucsb.edu_ucsb,10/30/2017 2:55:14 PM,clark@ccber.ucsb.edu_ucsb,,-119.8742642,34.41764501
73,2017-10-30,Black Phoebe,1,No,Mud,,,,,,Foraging/Hunting,2895593b-4b7d-486e-87c3-6eb47df47fb0,10/30/2017 3:03:15 PM,clark@ccber.ucsb.edu_ucsb,10/30/2017 3:03:15 PM,clark@ccber.ucsb.edu_ucsb,,-119.8743639,34.4177143
74,2017-10-30,White-crowned Sparrow,3,No,Habitat Feature - Log,,,,,,Feeding/Begging,9a3489eb-28dc-4d83-9a8a-ff5fb41e02e5,10/30/2017 3:04:55 PM,clark@ccber.ucsb.edu_ucsb,10/30/2017 3:04:55 PM,clark@ccber.ucsb.edu_ucsb,,-119.8747314,34.41758438
75,2017-10-30,American Crow,24,No,Fence,,,moving between tree and ground,,,Feeding/Begging,0626d256-ae78-46d4-ad6b-a66acfc66678,10/30/2017 3:07:04 PM,clark@ccber.ucsb.edu_ucsb,10/30/2017 3:07:04 PM,clark@ccber.ucsb.edu_ucsb,,-119.8756081,34.41770564
76,2017-10-30,Rock Dove,9,No,Bare ground,,,hydroseed,,,,edfcb51a-8eec-468a-a93f-842b2b7ad741,10/30/2017 3:07:49 PM,clark@ccber.ucsb.edu_ucsb,10/30/2017 3:07:49 PM,clark@ccber.ucsb.edu_ucsb,,-119.8751532,34.41755127
77,2017-10-30,Rock Dove,9,No,Bare ground,,,,,,Feeding/Begging,0ac5c7d0-2249-487d-8020-37455f6232b1,10/30/2017 3:11:22 PM,clark@ccber.ucsb.edu_ucsb,10/30/2017 3:11:22 PM,clark@ccber.ucsb.edu_ucsb,,-119.8748677,34.41772513
78,2017-10-30,Anna's Hummingbird,2,No,Vegetation - Tree,,,display,,,Other,91606427-293f-407a-abb6-0773870e2ff0,10/30/2017 3:13:48 PM,clark@ccber.ucsb.edu_ucsb,10/30/2017 3:13:48 PM,clark@ccber.ucsb.edu_ucsb,,-119.8763008,34.41768533
79,2017-10-30,California Towhee,2,No,Bare ground,,,one in tree,,,Foraging/Hunting,4b58ed14-e937-4447-a836-56754b769b13,10/30/2017 3:14:42 PM,clark@ccber.ucsb.edu_ucsb,10/30/2017 3:14:42 PM,clark@ccber.ucsb.edu_ucsb,,-119.8762633,34.41777078
80,2017-10-30,Killdeer,24,No,Mud,,,,,,Resting/Roosting,c783aa91-f4be-4fc0-8841-072c421b9d80,10/30/2017 3:18:19 PM,clark@ccber.ucsb.edu_ucsb,10/30/2017 3:23:57 PM,clark@ccber.ucsb.edu_ucsb,,-119.8754295,34.41868032
81,2017-10-30,Semipalmated Plover,2,No,Mud,,,,,,Resting/Roosting,c3db817c-2857-41cb-b12b-8b821a20b724,10/30/2017 3:26:21 PM,clark@ccber.ucsb.edu_ucsb,10/30/2017 3:26:21 PM,clark@ccber.ucsb.edu_ucsb,,-119.8753027,34.4186552
82,2017-10-30,Say's Phoebe,1,No,Fence,,,,,,Foraging/Hunting,cda9af35-4de2-4ccf-90d1-a3883a35a219,10/30/2017 3:30:44 PM,clark@ccber.ucsb.edu_ucsb,10/30/2017 3:30:44 PM,clark@ccber.ucsb.edu_ucsb,,-119.8769451,34.41896446
83,2017-10-30,Ruby-crowned Kinglet,1,No,Vegetation - Tree,,,,,,Resting/Roosting,f2b12cb0-f38a-4128-9165-c13418c6b36a,10/30/2017 3:33:39 PM,clark@ccber.ucsb.edu_ucsb,10/30/2017 3:33:39 PM,clark@ccber.ucsb.edu_ucsb,,-119.8772308,34.41785265
84,2017-10-30,Blue-gray Gnatcatcher,,No,Vegetation - Tree,,,,,,Resting/Roosting,fc1342dc-44b5-4c39-bf55-146965a15d54,10/30/2017 3:34:28 PM,clark@ccber.ucsb.edu_ucsb,10/30/2017 3:34:28 PM,clark@ccber.ucsb.edu_ucsb,,-119.8774451,34.41773086
85,2017-10-30,Bewick's Wren,1,No,Vegetation - Tree,,,,,,Resting/Roosting,3487b9b6-ce5f-475d-86a4-8b50a5ea06f6,10/30/2017 3:35:03 PM,clark@ccber.ucsb.edu_ucsb,10/30/2017 3:35:03 PM,clark@ccber.ucsb.edu_ucsb,,-119.8778642,34.41775444
86,2017-10-30,Anna's Hummingbird,1,No,Vegetation - Shrub,,,,,,Resting/Roosting,1eca06e3-0fd2-4633-9e9c-32762d0fe40a,10/30/2017 3:36:07 PM,clark@ccber.ucsb.edu_ucsb,10/30/2017 3:36:07 PM,clark@ccber.ucsb.edu_ucsb,,-119.8785976,34.41784872
87,2017-10-30,Anna's Hummingbird,2,No,Vegetation - Tree,,,display,,,Other,112d11b4-9e4e-43be-afc1-ff9185960fb6,10/30/2017 3:37:19 PM,clark@ccber.ucsb.edu_ucsb,10/30/2017 3:37:19 PM,clark@ccber.ucsb.edu_ucsb,,-119.8776737,34.41773872
88,2017-10-30,White-crowned Sparrow,10,No,Habitat Feature - Log,,,,,,Foraging/Hunting,f7d323c7-78e3-4845-b7b9-d9295c021ae7,10/30/2017 3:40:10 PM,clark@ccber.ucsb.edu_ucsb,10/30/2017 3:42:53 PM,clark@ccber.ucsb.edu_ucsb,,-119.8793406,34.41773512
89,2017-10-30,Western Meadowlark,1,No,Habitat Feature - Hibernacula,,,,,,Resting/Roosting,7ca59a47-32fa-44c9-80b6-849f3ed99bf6,10/30/2017 3:45:45 PM,clark@ccber.ucsb.edu_ucsb,10/30/2017 3:48:02 PM,clark@ccber.ucsb.edu_ucsb,,-119.879312,34.41812799
90,2017-10-30,Killdeer,63,No,Bare ground,,,,,,Feeding/Begging,baa72118-5046-496a-916b-872b0853ad15,10/30/2017 3:47:31 PM,clark@ccber.ucsb.edu_ucsb,10/30/2017 3:49:37 PM,clark@ccber.ucsb.edu_ucsb,,-119.8791024,34.41834013
91,2017-10-30,Western Meadowlark,2,No,Habitat Feature - Snag,,,,,,Resting/Roosting,a08692df-6aa0-4d8e-b0a9-dcfcfc4b2a94,10/30/2017 3:50:48 PM,clark@ccber.ucsb.edu_ucsb,10/30/2017 3:50:48 PM,clark@ccber.ucsb.edu_ucsb,,-119.8791644,34.41882728
92,2017-10-30,California Towhee,1,No,Vegetation - Tree,,,,,,Foraging/Hunting,b5fd2f78-4f0b-4f75-b693-a1bdd7713898,10/30/2017 3:52:17 PM,clark@ccber.ucsb.edu_ucsb,10/30/2017 3:52:17 PM,clark@ccber.ucsb.edu_ucsb,,-119.8799692,34.41775869
93,2017-10-30,House Finch,4,No,Vegetation - Shrub,,,,,,Foraging/Hunting,20c239f9-d18b-4489-a849-1f7bf6d330c1,10/30/2017 3:52:52 PM,clark@ccber.ucsb.edu_ucsb,10/30/2017 3:52:52 PM,clark@ccber.ucsb.edu_ucsb,,-119.880324,34.41780486
94,2017-10-30,Mourning Dove,3,No,Fence,,,,,,Resting/Roosting,cb2f754c-f371-4d2d-a536-0f52af512805,10/30/2017 3:55:46 PM,clark@ccber.ucsb.edu_ucsb,10/30/2017 3:55:46 PM,clark@ccber.ucsb.edu_ucsb,,-119.8806574,34.41852184
95,2017-10-30,Black Phoebe,1,No,Fence,,,,,,Resting/Roosting,e0273d21-674c-457f-9eb1-af8a839b6666,10/30/2017 3:56:17 PM,clark@ccber.ucsb.edu_ucsb,10/30/2017 3:56:17 PM,clark@ccber.ucsb.edu_ucsb,,-119.8809169,34.41878898
96,2017-10-30,,1,No,Vegetation - Tree,,,kite,,,Resting/Roosting,926937e5-8b71-4983-b53f-cc4ec045b5ac,10/30/2017 4:00:33 PM,clark@ccber.ucsb.edu_ucsb,10/30/2017 4:00:33 PM,clark@ccber.ucsb.edu_ucsb,,-119.8810931,34.4183038
97,2017-10-30,Red-tailed Hawk,1,No,Habitat Feature - Snag,,,,,,Resting/Roosting,2ee34eb9-cf34-466c-99cd-dc9efc2da10d,10/30/2017 4:03:34 PM,clark@ccber.ucsb.edu_ucsb,10/30/2017 4:03:34 PM,clark@ccber.ucsb.edu_ucsb,,-119.8803811,34.4202347
98,2017-10-30,Rock Dove,40,No,Bare ground,,,hydroseed,,,Foraging/Hunting,3181b539-235c-47a0-9a35-f00a6a659a4e,10/30/2017 4:05:10 PM,clark@ccber.ucsb.edu_ucsb,10/30/2017 4:05:10 PM,clark@ccber.ucsb.edu_ucsb,,-119.8809075,34.42089186
99,2017-10-30,Mourning Dove,13,No,Habitat Feature - Hibernacula,,,,,,Resting/Roosting,1fee7380-94c3-4410-b96c-24376d6c8de7,10/30/2017 4:05:52 PM,clark@ccber.ucsb.edu_ucsb,10/30/2017 4:05:52 PM,clark@ccber.ucsb.edu_ucsb,,-119.8800051,34.42005017
100,2017-10-30,Red-tailed Hawk,1,Yes,Building,,,,,,,d6cf3c94-05f9-4314-80c1-f30967c8ebac,10/30/2017 4:07:03 PM,clark@ccber.ucsb.edu_ucsb,10/30/2017 4:07:03 PM,clark@ccber.ucsb.edu_ucsb,,-119.8800955,34.42166479
101,2017-10-30,Western Meadowlark,9,No,Bare ground,,,hydroseed,,,Resting/Roosting,144121f0-1639-4039-9e4a-c44fa8b53ab8,10/30/2017 4:11:19 PM,clark@ccber.ucsb.edu_ucsb,10/30/2017 4:11:19 PM,clark@ccber.ucsb.edu_ucsb,,-119.8781882,34.41977517
102,2017-10-30,Anna's Hummingbird,1,No,Vegetation - Tree,,,display,,,,19bcb2c4-b7ad-4288-a3f2-3a8b8aec5756,10/30/2017 4:15:16 PM,clark@ccber.ucsb.edu_ucsb,10/30/2017 4:15:16 PM,clark@ccber.ucsb.edu_ucsb,,-119.8778144,34.41955321
103,2017-10-30,White-crowned Sparrow,5,No,Bare ground,,,,,,Foraging/Hunting,6127e6e7-513a-474c-99c6-66e8e746ac44,10/30/2017 4:15:51 PM,clark@ccber.ucsb.edu_ucsb,10/30/2017 4:15:51 PM,clark@ccber.ucsb.edu_ucsb,,-119.8771476,34.41921731
104,2017-10-30,Western Meadowlark,10,Yes,Habitat Feature - Log,,,,,,Resting/Roosting,d287e1da-db59-48e5-b51e-eaee232471d5,10/30/2017 4:25:14 PM,clark@ccber.ucsb.edu_ucsb,10/30/2017 4:25:14 PM,clark@ccber.ucsb.edu_ucsb,,-119.8790335,34.42039687
105,2017-10-30,Common Yellowthroat,1,No,Vegetation - Herbaceous,,,,,,Resting/Roosting,c8702657-4523-4712-95e2-ac11f370828c,10/30/2017 4:32:58 PM,clark@ccber.ucsb.edu_ucsb,10/30/2017 4:32:58 PM,clark@ccber.ucsb.edu_ucsb,,-119.8793911,34.42089235
106,2017-10-30,Red-tailed Hawk,2,No,Other,,,aerial,,,,73c681b2-f02c-42d0-9a3d-25b66fce085b,10/30/2017 4:34:27 PM,clark@ccber.ucsb.edu_ucsb,10/30/2017 4:34:27 PM,clark@ccber.ucsb.edu_ucsb,,-119.8806328,34.419317
107,2017-10-30,Common Yellowthroat,2,No,Vegetation - Herbaceous,,,,,,Resting/Roosting,f8674051-213d-41eb-94df-3e810340d3ca,10/30/2017 4:35:45 PM,clark@ccber.ucsb.edu_ucsb,10/30/2017 4:35:45 PM,clark@ccber.ucsb.edu_ucsb,,-119.8797875,34.42125475
108,2017-10-30,House Finch,6,No,Vegetation - Tree,,,,,,Resting/Roosting,e1108c46-c261-49d8-b0ba-89f1f2d0195f,10/30/2017 4:36:58 PM,clark@ccber.ucsb.edu_ucsb,10/30/2017 4:36:58 PM,clark@ccber.ucsb.edu_ucsb,,-119.8805248,34.42137453
109,2017-10-30,Anna's Hummingbird,1,No,Vegetation - Tree,,,,,,Resting/Roosting,b7878499-e1f4-49de-b9c4-feba9771c0b9,10/30/2017 4:37:56 PM,clark@ccber.ucsb.edu_ucsb,10/30/2017 4:37:56 PM,clark@ccber.ucsb.edu_ucsb,,-119.8806486,34.42135882
110,2017-10-30,Song Sparrow,2,No,Vegetation - Tree,,,,,,Resting/Roosting,42c2bf02-279a-4512-a1cb-39e04eeb9a94,10/30/2017 4:38:47 PM,clark@ccber.ucsb.edu_ucsb,10/30/2017 4:38:47 PM,clark@ccber.ucsb.edu_ucsb,,-119.8806701,34.42139811
111,2017-10-30,White-crowned Sparrow,2,No,Vegetation - Tree,,,,,,Resting/Roosting,52a8b138-8bc4-48fd-aec8-651f0b61bb7f,10/30/2017 4:39:41 PM,clark@ccber.ucsb.edu_ucsb,10/30/2017 4:39:41 PM,clark@ccber.ucsb.edu_ucsb,,-119.8806189,34.42137748
112,2017-10-30,White-crowned Sparrow,2,No,Bare ground,,,,,,Foraging/Hunting,83151fc0-36b5-42e1-a790-be7f97774859,10/30/2017 4:40:20 PM,clark@ccber.ucsb.edu_ucsb,10/30/2017 4:40:20 PM,clark@ccber.ucsb.edu_ucsb,,-119.8802212,34.4213765
113,2017-10-30,Mourning Dove,16,No,Vegetation - Tree,,,,,,Resting/Roosting,46496ff2-43fb-42b8-a61f-0e6bdc981d29,10/30/2017 4:42:22 PM,clark@ccber.ucsb.edu_ucsb,10/30/2017 4:44:18 PM,clark@ccber.ucsb.edu_ucsb,,-119.8820961,34.42094119
114,2017-10-30,Black Phoebe,1,No,Vegetation - Herbaceous,,,,,,Resting/Roosting,ac393536-e39f-4b56-ac67-ff0b166a6a44,10/30/2017 4:49:09 PM,clark@ccber.ucsb.edu_ucsb,10/30/2017 4:49:09 PM,clark@ccber.ucsb.edu_ucsb,,-119.8835994,34.42120649
115,2017-10-30,Western Meadowlark,1,No,Bare ground,,,,,,Resting/Roosting,8a712735-bea8-4d22-8b1c-8b8f155721f4,10/30/2017 4:50:51 PM,clark@ccber.ucsb.edu_ucsb,10/30/2017 4:50:51 PM,clark@ccber.ucsb.edu_ucsb,,-119.8838636,34.42106214
116,2017-10-30,American Kestrel,1,No,Building,,,,,,Foraging/Hunting,55aaa1e0-2345-48e9-8df1-f0194c97d4f6,10/30/2017 4:55:27 PM,clark@ccber.ucsb.edu_ucsb,10/30/2017 4:55:27 PM,clark@ccber.ucsb.edu_ucsb,,-119.8838567,34.42209967
117,2017-10-30,Blue-gray Gnatcatcher,1,No,Vegetation - Shrub,,,,,,Resting/Roosting,db588bd9-7c32-4980-bd4e-1e70b3ad9fae,10/30/2017 4:56:59 PM,clark@ccber.ucsb.edu_ucsb,10/30/2017 4:56:59 PM,clark@ccber.ucsb.edu_ucsb,,-119.8839636,34.4218557
118,2017-10-30,House Finch,8,No,Vegetation - Shrub,,,,,,Foraging/Hunting,4657f1f4-0b60-4bfd-8b5a-e89241f78045,10/30/2017 4:58:01 PM,clark@ccber.ucsb.edu_ucsb,10/30/2017 4:58:01 PM,clark@ccber.ucsb.edu_ucsb,,-119.883847,34.42184686
119,2017-10-30,Song Sparrow,1,No,Vegetation - Shrub,,,,,,,c415e13b-a3fa-4e16-8945-539fd29adac9,10/30/2017 4:58:45 PM,clark@ccber.ucsb.edu_ucsb,10/30/2017 4:58:45 PM,clark@ccber.ucsb.edu_ucsb,,-119.8841041,34.42166517
120,2017-10-30,Anna's Hummingbird,1,No,Other,,,air,,,Resting/Roosting,e869e83b-eaa5-4c8c-9a19-239ea91c709e,10/30/2017 4:59:56 PM,clark@ccber.ucsb.edu_ucsb,10/30/2017 4:59:56 PM,clark@ccber.ucsb.edu_ucsb,,-119.8840162,34.42173109
121,2017-10-30,American Kestrel,1,Yes,Vegetation - Tree,,,,,,Resting/Roosting,69a46d31-7466-4d32-97d4-3867b755d853,10/30/2017 5:03:35 PM,clark@ccber.ucsb.edu_ucsb,10/30/2017 5:03:35 PM,clark@ccber.ucsb.edu_ucsb,,-119.8821214,34.42091299
